Barcode,Cluster
AACACGTGCATCGCAC-1,9
AACACTTGGCAAGGAA-1,2
AACAGGATTCATAGTT-1,8
AACAGGTTATTGCACC-1,5
AACAGGTTCACCGAAG-1,3
AACAGTCAGGCTCCGC-1,1
AACAGTCCACGCGGTG-1,1
AACATAGTCTATCTAC-1,4
AACATCTTAAGGCTCA-1,1
AACATGCGCAAGTGAG-1,1
AACCAAGCGTGGCCTC-1,6
AACCAAGGTATCAGGC-1,6
AACCAATCTGGTTGGC-1,2
AACCACTAACATGATT-1,1
AACCACTGCCATAGCC-1,10
AACCAGAATCAGACGT-1,2
AACCATCGGAAGCGAC-1,1
AACCGCCAGACTACTT-1,4
AACCGCGGTAACTACA-1,6
AACCGTGCTTATGTTG-1,8
AACCTAAGATACTGAG-1,2
AACCTACAGAGGTAGT-1,4
AACCTACTGTAACTCA-1,4
AACCTGACAGTGCCGC-1,5
AACGAAGCGTGGAAGT-1,1
AACGAATTGACCGGTT-1,7
AACGACATTAAGATGG-1,5
AACGACCATTCGAATC-1,6
AACGAGCCTCTTCGGC-1,4
AACGAGCTAATAACTA-1,6
AACGCACTGGTGCTCG-1,4
AACGCTTCGAGTAACT-1,4
AACGGCACAGAATATT-1,1
AACGTCGCGACAAGGT-1,1
AACTAGCACTGTTCGA-1,5
AACTAGCATCACGTAC-1,4
AACTAGCCTAATAGCA-1,1
AACTAGCCTTGCAATA-1,4
AACTAGGCCTGACACC-1,7
AACTATCGTCATAGTC-1,9
AACTATCTAGCAGTAT-1,5
AACTATGCTGCATTCG-1,8
AACTATGTGCTTGTTA-1,6
AACTATTCTGCGGCCT-1,6
AACTATTGGCGGATTC-1,1
AACTCAACCTTGACCA-1,3
AACTCAACTTGACAGC-1,3
AACTCACCGAACTTAT-1,7
AACTCACCTCGGTGTT-1,10
AACTCACGGAGTACGT-1,2
AACTCAGATCCATGCC-1,1
AACTGCAACGTCCTGG-1,2
AACTGCAATACGGATT-1,7
AACTGCCGGAGTAACA-1,1
AACTGCCTCGATAGGT-1,3
AACTGCGAACCTTACC-1,4
AACTGCGGTCCGAAGC-1,5
AACTGCTACCTCGATA-1,2
AACTGGATACTTCACT-1,1
AACTGGTCATGTGGTT-1,1
AACTTAACAGTGAGGA-1,1
AACTTATGATACGTAC-1,2
AACTTCAAGGATAATC-1,4
AACTTCACAATAACTG-1,1
AACTTCAGATACTACC-1,5
AACTTCATCTTCTGGT-1,4
AACTTCGCTTAGTCAG-1,9
AACTTGCAACTTGGAC-1,1
AACTTGCTCGTAACCG-1,1
AACTTGGTTAATACTA-1,5
AAGAATTCTGGCTGCA-1,8
AAGACAATCTCCTGCA-1,3
AAGACTAAGGAGATCC-1,4
AAGACTCAAGGCTCCA-1,6
AAGACTGTCATAGTGC-1,5
AAGAGCAGATGTGCCA-1,10
AAGATAGGCTTGCTTA-1,7
AAGATAGTCGACCTTG-1,1
AAGATATTGGACGTCC-1,8
AAGATCTGTAACTTGT-1,2
AAGATGAAGGTCATCG-1,6
AAGATGCACTATACTT-1,1
AAGATGGCCGCTAGTT-1,4
AAGATTAGGCTGTCTA-1,5
AAGATTATCTAGCATA-1,2
AAGATTCTGGTCGCGA-1,9
AAGCAAGAGCGTGATC-1,1
AAGCAGCCTACTAAGC-1,9
AAGCAGCGGACACGTG-1,3
AAGCAGTATCAGAATC-1,4
AAGCAGTGAGTGCGAC-1,3
AAGCAGTGGCATCACT-1,2
AAGCAGTGTACACCGC-1,9
AAGCAGTGTAGAATCT-1,2
AAGCATCAAGCGTGAT-1,3
AAGCATTGAGTGGTTG-1,1
AAGCCACCATTCAAGA-1,4
AAGCCACGCATAATGA-1,3
AAGCCACTATGTCTAA-1,6
AAGCCAGATATCAGAA-1,2
AAGCCAGATCCAACAT-1,2
AAGCCAGGCCGACGTG-1,3
AAGCCAGGTTACGAAC-1,4
AAGCCATCCGTGCTAT-1,3
AAGCCATCGCGATATG-1,1
AAGCCATTATCTGCCA-1,3
AAGCGACGAACCGCCT-1,6
AAGCGAGCCGTCCGCT-1,8
AAGCGAGGAAGTGAAC-1,4
AAGCGTTCGTCTGTCC-1,5
AAGGACCAACATGGCT-1,5
AAGGAGGCACTCAATT-1,1
AAGGAGTGGCTACCAA-1,3
AAGGCAGTCTGATCAC-1,2
AAGGCATGAACAGCTC-1,5
AAGGCCAATTCAATAA-1,2
AAGGCCAGTCGCAATT-1,4
AAGGCCGACCTACCTG-1,2
AAGGCCGACTATGTAA-1,1
AAGGCCGATTCTGAGC-1,6
AAGGCCTCGCGAGGAA-1,2
AAGGCGAACTAGTAGA-1,4
AAGGCGACGGTGTCGG-1,6
AAGGCGAGGTTCATGT-1,1
AAGGCGCCGACAATCT-1,6
AAGGCGCCTAACATAG-1,5
AAGGTGGATATGATCG-1,2
AAGGTTACTATGACGC-1,5
AAGGTTGCAGAAGCAG-1,6
AAGGTTGCTGAGTTGA-1,7
AAGTACTAAGGTTACG-1,3
AAGTACTACAGTAGAA-1,2
AAGTACTGGATGCGCA-1,2
AAGTCGCTATCCTGTC-1,1
AAGTCGGACACTTCAG-1,4
AAGTCTACCGGTTGGA-1,4
AAGTCTGTCAATTCTT-1,3
AAGTCTTAAGTTGCCA-1,7
AAGTCTTAATAGAACT-1,7
AAGTGAGCCTGTTACA-1,4
AAGTGGACGAATCTAC-1,4
AAGTGGCGAAGTTAAT-1,3
AAGTGGCGAGTGTACA-1,7
AAGTGGTTCCTCGCGT-1,5
AAGTTAAGCACTATAA-1,1
AAGTTACTATTACATC-1,4
AAGTTCCTATTGCTGG-1,10
AATAACATGTGCTATG-1,3
AATAACATGTTACGTC-1,2
AATAACGTAACTGTGA-1,6
AATAACGTATTGAACA-1,3
AATAACTCTAATACAG-1,5
AATAACTCTACGATGT-1,5
AATAACTTCATACGGA-1,2
AATACAATGCGAGCAG-1,6
AATACGAGCAAGCCAG-1,3
AATACGCATATCCAGA-1,2
AATACGGTACGGCCTA-1,5
AATACGTAGACAGTTA-1,2
AATACTAACCACTTAT-1,3
AATAGATAGCCTAACC-1,4
AATAGCACGGAAGCGA-1,3
AATAGTATAGTTGTCG-1,9
AATAGTCGTTATCTAG-1,8
AATAGTGCTCATAGAA-1,2
AATAGTTGGTGCTCAG-1,3
AATATTAGGCTTCTGG-1,7
AATCCGCCTGGTCAAT-1,3
AATCCGGAGCTTGTCT-1,1
AATCGAACGGACGGAG-1,3
AATCGACTATCGCTAG-1,3
AATCTATCTAACCGAG-1,4
AATCTGCGAGACGTTC-1,1
AATGAACTACGTCCAG-1,4
AATGAAGACGGTTCAG-1,6
AATGAATCGGAAGGCA-1,6
AATGATCTTGACAGCG-1,4
AATGATTACAACCTAA-1,3
AATGCAATCACTGTCG-1,1
AATGCCGACGAGCAAC-1,4
AATGGACATCCTACTC-1,7
AATGGAGGACCTGGTG-1,2
AATGGCATAGTATCAT-1,5
AATGGCTCCACGAATT-1,9
AATGGTCGAACGTGAA-1,1
AATGGTCGATACTCGG-1,5
AATGGTCTCGAGCGCT-1,1
AATGGTGCGTCCTAAC-1,2
AATGGTTATTCTAGCT-1,1
AATGTACTTAACATCA-1,2
AATGTAGTCTTACGAG-1,8
AATGTCAGGTCATTAC-1,5
AATTAGCAACCGTTCC-1,5
AATTAGCTTAGGTGTA-1,2
AATTATACCTCAATGA-1,6
AATTCTCAGACGCAAC-1,5
AATTCTCGCACCAGTA-1,2
AATTCTTGGATACGGA-1,3
AATTGCATTGAAGAAT-1,7
AATTGCGGTGCTAATA-1,4
AATTGCGTCAGACACT-1,1
AATTGGACGGCATCGT-1,10
AATTGGAGACATGGAG-1,3
AATTGGCTTGAGTTGC-1,4
AATTGGTTATGATACA-1,4
AATTGTAGAATCCTAG-1,3
ACAACCTTGGTGTCAA-1,5
ACAACGAGCGATCTGA-1,3
ACAACGCCGATAGTAT-1,4
ACAACGTGAATTCACG-1,1
ACAACGTGGAGCTACT-1,2
ACAACTAAGGTGTTAT-1,10
ACAACTAAGTGGCGCT-1,2
ACAACTGTCGTGGATA-1,6
ACAAGTAGTTCCGGTA-1,6
ACAATACAATCCTTAA-1,3
ACAATACACTTCCATC-1,4
ACAATACAGGCGCCGT-1,2
ACAATACGCCTTATTC-1,6
ACAATAGGATCCAACC-1,4
ACAATATCATCCGGTA-1,8
ACAATATGAATCATGA-1,4
ACAATTGGTCGCGTAA-1,2
ACAGAAGTGATCAATC-1,1
ACAGAATAAGAACCAT-1,2
ACAGAATAAGATAGTG-1,1
ACAGAATACATACTAA-1,5
ACAGAATCCGTTGCTT-1,3
ACAGAATCTTGATAAG-1,4
ACAGAATGTCTTATTG-1,5
ACAGAATGTTGAGTCC-1,4
ACAGCCAGGCATAAGC-1,2
ACAGGAACTACAGAAC-1,6
ACAGGACTGAGCCGAT-1,6
ACAGGATACCGGATTC-1,8
ACAGGCACGCGAGGAT-1,4
ACAGGCATTGAACCAT-1,4
ACAGGCCTTCTAATGC-1,5
ACAGGTACCAAGGAAG-1,6
ACAGGTTCAGTGAACG-1,8
ACAGTACGCACTACCT-1,8
ACAGTCACAATATTAG-1,6
ACATAAGCAATGCGGT-1,5
ACATCACTGGCGTTCG-1,9
ACATCGCCACAAGAGG-1,5
ACATCGGCTTACAAGG-1,7
ACATCGTAGACAGGTT-1,4
ACATCGTCGGTCTACC-1,1
ACATCTATCCGAACCA-1,3
ACATCTCGACAACCAC-1,2
ACATCTCGCATAGAAT-1,5
ACATCTGACCTTGTCT-1,2
ACATGGATGCGTAAGC-1,8
ACATGTTCACCGGCAG-1,2
ACATGTTCCACTGATA-1,5
ACATGTTCCAGGACGT-1,6
ACATGTTGCTTGATCT-1,5
ACATTCCTGAGTTCCG-1,6
ACATTGAACTAAGCTA-1,3
ACATTGAAGGCGGTGC-1,1
ACATTGAATACGCATA-1,4
ACATTGCAGTTCGGCA-1,3
ACATTGGTTCACAGTG-1,3
ACATTGGTTCTGCCGT-1,8
ACATTGTACATTCTTG-1,5
ACCAAGCACTTGCGCA-1,5
ACCAAGTGATGGTGAG-1,6
ACCAAGTGGCTGTATG-1,2
ACCAATGAGCCTCATC-1,8
ACCACGGATCCGGATA-1,3
ACCACGGCCTCGCACC-1,4
ACCAGTATGAAGTTCC-1,5
ACCATAACTCCTCGTA-1,1
ACCATCCGTTCGAGTG-1,3
ACCATTAGATCGTGGC-1,7
ACCGAAGATGTCGGCA-1,2
ACCGAAGCCGAATTAA-1,5
ACCGAGAACGTGTTGG-1,3
ACCGAGGTGATACCGA-1,5
ACCGATTGAGGATCTG-1,6
ACCGCAGGTCGAGTTG-1,5
ACCGGACGCCAAGCGT-1,10
ACCGGCACCATACTGC-1,10
ACCGGCACGTACGAAC-1,2
ACCGGCCTCAGGAGTT-1,7
ACCGGCTATCGTGCGG-1,4
ACCGTACACGACCGTC-1,2
ACCGTACTATCGGAGG-1,5
ACCGTAGGCGGAGGTT-1,1
ACCGTCGAGTATACTC-1,1
ACCGTGTTATAAGTCG-1,6
ACCTAATGTTACCAAT-1,2
ACCTAATTGTCGCTGA-1,3
ACCTATAACGAACTAC-1,2
ACCTATGCTACCGGAT-1,8
ACCTCCACAGCTACGT-1,4
ACCTCCTAGAGGCATG-1,3
ACCTGCACTAGATGGC-1,10
ACCTGCCACTATCAAT-1,6
ACCTGCCAGAGGATCT-1,3
ACCTGCTTATAGTTCG-1,5
ACCTGCTTGAGCCTGG-1,7
ACCTGCTTGCTACGAC-1,2
ACCTGTAACCGAATAA-1,3
ACCTGTCTGCGGTTGT-1,2
ACCTGTGGTCACCTCG-1,6
ACGAACATAGGATCGG-1,5
ACGAACGCACGAGCAC-1,5
ACGAAGATCGAATTGA-1,9
ACGAAGCCACCTGAGG-1,3
ACGAAGCTCATCCTCG-1,4
ACGAAGTTCCAGCACC-1,4
ACGACAAGCACTTCAC-1,3
ACGACTGAAGACTTAC-1,8
ACGAGGACAACTCACC-1,6
ACGAGGACCTGCTAGT-1,2
ACGAGGCTAGGTGGCT-1,1
ACGAGGCTTAATCACG-1,6
ACGAGTGCGTGCGTTC-1,3
ACGATGACTATTAGAT-1,3
ACGATGCGAAGGAGCA-1,2
ACGATGCTCCAATACA-1,4
ACGATGTCGCACAATC-1,4
ACGATGTCGTTGCCAA-1,4
ACGATGTTACCTCATT-1,4
ACGCAACGAAGAGTAT-1,5
ACGCAAGCTCCGCTTA-1,1
ACGCAAGGCATAAGTC-1,4
ACGCAAGGCGTCCAAT-1,2
ACGCAATAGTATACGA-1,5
ACGCACATTGTAAGTA-1,4
ACGCATCGTCGAGCAG-1,3
ACGCCGGCATCACTGG-1,9
ACGCCTCCGATGTTCC-1,6
ACGCGGAAGAGTTCCG-1,3
ACGCGTAGACTCAACT-1,5
ACGCGTCGGTGAGGTT-1,3
ACGCGTTCCAGCCTTC-1,1
ACGCGTTCGCGATCAT-1,1
ACGCTCAGTGCTATTC-1,3
ACGCTGCGATTAACGA-1,4
ACGGCCGTCAACGTAT-1,2
ACGGCCTGGCTAAGTT-1,5
ACGGCCTTGCCAGAAC-1,2
ACGGCTATGGCATACC-1,3
ACGGCTTAACGATAGT-1,5
ACGGCTTACGTATGCC-1,1
ACGGCTTATTGGTATG-1,3
ACGGCTTCAGGTACCG-1,1
ACGGCTTCCATCGGAA-1,2
ACGGCTTCGATTAAGC-1,4
ACGGCTTGTTCAATCG-1,1
ACGGTCGCATCTAGAA-1,6
ACGGTGATAATGTTAC-1,4
ACGGTGTACGGTGCCA-1,1
ACGGTTACATCCGAAG-1,7
ACGGTTCACCTTCCGG-1,10
ACGGTTCGCAAGTAAC-1,5
ACGGTTCGTACAGTTG-1,5
ACGGTTCGTCCGACCG-1,1
ACGTCAGATTACTTCG-1,3
ACGTGCAATTATTCGG-1,1
ACGTTAATACAATGAC-1,8
ACGTTACGCAGACAGC-1,6
ACGTTAGGCTCAAGCC-1,4
ACGTTAGTACTGGACA-1,6
ACGTTCACATGATCTG-1,3
ACGTTCACGACTAGGT-1,2
ACGTTCCATTACCTCA-1,5
ACGTTCGTCCGCCTAT-1,3
ACGTTCTATGCACGAC-1,4
ACGTTCTGCCATAATC-1,2
ACTAATAGTCAACATA-1,10
ACTACAATGACCGTAA-1,1
ACTACCTTGGTTGACC-1,5
ACTACGCCTCATGATT-1,5
ACTACGTCTAATGGCC-1,7
ACTAGATCTGAAGCGG-1,1
ACTATGAGGTTCTGTC-1,5
ACTATTACCAGGTGCT-1,8
ACTATTAGACAGGCTG-1,2
ACTATTAGCCTAATCG-1,6
ACTATTGCGAGCTAGA-1,3
ACTCAGCTCGAGTGTC-1,1
ACTCAGCTTCTGAGAC-1,1
ACTCAGGCCTGCAACT-1,2
ACTCAGTGAGCCTCCA-1,3
ACTCCACGTTCGCTAC-1,9
ACTCCAGGCCGAAGAC-1,5
ACTCCAGTAGCTCCAG-1,5
ACTCCTATGTTCCTAC-1,1
ACTCCTGACCACTGAG-1,4
ACTCCTGCGGCAACCA-1,5
ACTCCTTGTCCAGACC-1,4
ACTCGAACGTTCGTTA-1,4
ACTCGACGTACACGCC-1,1
ACTCGAGTCCAAGTTG-1,1
ACTCGATAAGACCAGG-1,10
ACTCGATTGATATCCA-1,2
ACTCGTATTGTCAGAA-1,2
ACTCGTTCCTGATACA-1,1
ACTCTAAGCTTGCGCC-1,7
ACTCTACTTCCGCATT-1,1
ACTCTGACCTTACTGA-1,7
ACTCTTGCGGAGAACC-1,4
ACTGACGGCCATGTCT-1,8
ACTGACGGCGAATAGT-1,3
ACTGACGTGATATTGG-1,4
ACTGACTCTGCTGGCC-1,1
ACTGACTGTCATCTAC-1,4
ACTGAGACCTTAGCAC-1,4
ACTGAGCAAGAACACG-1,5
ACTGAGCGCAACTCAT-1,2
ACTGAGGATAGGCGCT-1,4
ACTGATACTCCATTAC-1,5
ACTGATAGCACGGTCT-1,2
ACTGATGTCCACTCGC-1,1
ACTGCAAGGCTTCTCG-1,1
ACTGCATCTTGTTCCA-1,6
ACTGGTAAGGCCTCAG-1,3
ACTGGTGATTCCGATC-1,4
ACTGGTTCTGAACGAT-1,1
ACTGTACAATTCTACT-1,8
ACTGTACATCCGATAC-1,8
ACTGTAGACAAGGAAT-1,4
ACTGTAGAGTGCCGGC-1,1
ACTGTAGCAGCTTCTG-1,3
ACTGTATTCTAGTCCA-1,4
ACTTAAGCCAGTAGGA-1,9
ACTTCGACGGATCATT-1,2
ACTTGAAGCGAGCGGT-1,2
ACTTGAATGTATTGGA-1,10
ACTTGAATTAGCCGGT-1,1
ACTTGACTGAGCACGA-1,9
ACTTGAGCACGAACAT-1,5
ACTTGAGCCGTTCTTA-1,3
AGAACAGGAGCATGGA-1,1
AGAACATACTGGTCGT-1,9
AGAACTTCGATGCGTA-1,7
AGAAGCAGCCTAAGCT-1,9
AGAAGCTGGCCTAGTG-1,3
AGAAGGATGGTATGAA-1,10
AGAAGGCGTAGAATAG-1,3
AGAAGTTAACCAGAGC-1,4
AGAAGTTGAGCGCAAG-1,5
AGAATTCTGTTGACAA-1,3
AGACAAGACGTATCGC-1,3
AGACATCTTAGCACCT-1,2
AGACCGAAGACTACTC-1,5
AGACCGACCGCAGACA-1,3
AGACCGCCAAGTTCAA-1,6
AGACCGCCGGCCAATG-1,8
AGACCGGACTGTCCAT-1,1
AGACCGGAGCAACGCT-1,6
AGACCGGTATCCGTGG-1,2
AGACCGTCATTAGTTA-1,10
AGACCTATCCTTATAG-1,3
AGACCTCAGCGAGGTG-1,8
AGACCTGATAACAGTG-1,3
AGACCTTCGCGTGAAC-1,4
AGACGCGTGATGCATC-1,2
AGACGCTTGGCCTCAC-1,7
AGACGGCCTTACGGAG-1,5
AGACGTAGGCGGACCG-1,4
AGACGTGGCGTTGAGT-1,5
AGACGTTGCACCGCCA-1,6
AGACTCAGACAGATAA-1,8
AGACTCATGACCTGGC-1,1
AGACTCATTGCGGACA-1,3
AGACTCCGCTTCGTAT-1,9
AGACTCCTGTATGGCG-1,5
AGACTCCTTATCATAC-1,1
AGACTCGACTCCTAAT-1,2
AGACTCTATTAGCGCT-1,4
AGACTGGTAAGGAGGT-1,2
AGATAACCAATACGCC-1,2
AGATAAGCCACTCATA-1,2
AGATAAGTGCTACGAC-1,6
AGATACAAGGATGGTG-1,4
AGATACATCTACGCAC-1,6
AGATAGGTGAATTGCC-1,1
AGATAGGTGACCGCGT-1,9
AGATCAAGCATCTACT-1,9
AGATCAGTCGATAGAA-1,7
AGATCTCCGCCTTATT-1,3
AGATGAGGCGCCTCCA-1,5
AGATGCACGTAGGTGC-1,3
AGATGCTCCGTCATCT-1,5
AGATTGAGTTAGGAAC-1,5
AGATTGCGCCTCGCTC-1,4
AGCAACAGTATGTCGC-1,6
AGCAATAACAATTCCA-1,2
AGCACGAGATAACGGT-1,6
AGCACGATACCTAAGC-1,5
AGCACGCTCGATCTAA-1,5
AGCACGGAGGCAGTCA-1,2
AGCACTCATACAGAAC-1,3
AGCACTGCATCCTAGC-1,5
AGCAGGTAAGTATCTG-1,7
AGCAGGTATGCCATTG-1,1
AGCAGGTGCAATGGTT-1,2
AGCATAATTCCAGATA-1,4
AGCATCCTGACAGCCG-1,3
AGCATGAGCGAATATT-1,3
AGCATGCACCGCGTCA-1,8
AGCATTAGACGGATTG-1,1
AGCCAGATACTCGAAC-1,2
AGCCAGATCAAGATTC-1,1
AGCCAGCGGCAAGCGT-1,2
AGCCGACCGATGTACA-1,6
AGCCGATGTTCTACTC-1,2
AGCCGGCCTATTCCAG-1,5
AGCCGTATCTTCGTCT-1,1
AGCCGTATTCAACCGT-1,2
AGCCGTTGCATCCTAG-1,1
AGCCTCCGAACTACCA-1,5
AGCCTCGCATGGTCCT-1,2
AGCCTCTATGCAGCAA-1,5
AGCCTCTGTTCCGATG-1,1
AGCGACATTCGATCTG-1,7
AGCGACCGTTCTATAC-1,5
AGCGACTATGTATCTT-1,3
AGCGAGAACAGATTCT-1,3
AGCGAGGAACTGGTCC-1,4
AGCGCATCGTGGTCGA-1,9
AGCGGAATGTCGCTGT-1,1
AGCGGCGAATAATCTT-1,2
AGCGGTACGCCGAGAA-1,1
AGCGGTACGGCGCATC-1,3
AGCGGTGAGTGACATG-1,6
AGCGGTGCAGGCATCT-1,1
AGCGGTTAATCGAAGT-1,5
AGCGGTTACAATACGC-1,5
AGCGGTTAGACTCGCC-1,3
AGCGTGCCTGTATGCC-1,1
AGCGTGCGCCTGATCG-1,1
AGCGTGCTTCGCTCAT-1,8
AGCGTGGCACCGACAA-1,2
AGCGTGTATGTACGGT-1,4
AGCGTTACAGTCCTGG-1,1
AGCGTTATACCTGTTG-1,8
AGCGTTGGCTCACGAT-1,1
AGCTACCAGCGTTACT-1,7
AGCTAGCGTACAGTAA-1,5
AGCTATAAGTCCAGCA-1,1
AGCTATAGAATAGTCT-1,1
AGCTCAACATCGTCCG-1,8
AGCTCGACAGGCGATA-1,8
AGCTGACGTAACGCTG-1,10
AGCTGATCGGATTGTT-1,7
AGCTGTACGCTGACTC-1,5
AGCTGTCCAGATGCTA-1,4
AGCTGTTCCGGTGATT-1,2
AGCTTCGCTGCGGTCA-1,3
AGCTTGAGTCAGGCCG-1,3
AGCTTGGATGCAAGCC-1,4
AGGAATTACGGTGACG-1,8
AGGACCAGTAACCTAA-1,1
AGGACCAGTGCGCCAG-1,2
AGGACCGCAATAGTTA-1,1
AGGACCGTAGATGCTA-1,5
AGGACCTGTACCATTC-1,8
AGGACGAAGCCTCCTT-1,4
AGGACGAATGCTTCAA-1,2
AGGACGTATCGCCGTA-1,3
AGGACGTCGGCACGAA-1,2
AGGACTAGGACCGCAG-1,5
AGGACTGAAGTGCCTT-1,2
AGGACTGGATGAAGAC-1,2
AGGAGCAGCGTTAATA-1,4
AGGAGCATAATCCACT-1,3
AGGAGCATCACTCAGC-1,1
AGGAGCCTCGAACGTT-1,6
AGGAGCCTTCGCCTTA-1,4
AGGAGCGAATGCGTTA-1,1
AGGAGCTATGAACACT-1,6
AGGAGCTGCAAGGACT-1,6
AGGAGTACAGTGCATA-1,5
AGGATAACCGGTCGGA-1,2
AGGATACCTCCGAGCG-1,5
AGGATAGAGTTAATCA-1,1
AGGATATCGCGAATAC-1,5
AGGATCAACATTCGTT-1,3
AGGATCCGTGAGGCGG-1,4
AGGATCTTAATGGTGA-1,2
AGGATGAGTGCGTGCG-1,9
AGGATTCTACGCCTAG-1,2
AGGCAACTAGCGTACC-1,7
AGGCAATGTCAGCTGG-1,3
AGGCATTAAGTCTGGC-1,3
AGGCATTACTATAGTA-1,5
AGGCCGCAGAATAACG-1,6
AGGCCTGTCTAGTGGC-1,6
AGGCGATTCCACTTCT-1,4
AGGCTGCAGCTCAGGC-1,9
AGGCTGCGCAGCAACT-1,1
AGGCTTAACCGATTGT-1,8
AGGTACAGCTATGATA-1,1
AGGTACCAGACGCCAG-1,1
AGGTACGGAAGTCAAC-1,9
AGGTACGTGATATCTG-1,6
AGGTCACCTCCGCCTC-1,1
AGGTCGAGGTCTAGGC-1,6
AGGTCTCACGCCAATA-1,4
AGGTCTTCCATCGCCG-1,3
AGGTGAAGTGACGACT-1,5
AGGTGAATCCACAACC-1,6
AGGTGAGCAATGTCTT-1,4
AGGTGAGGTAGAATAC-1,2
AGGTGATTGGCGGTAT-1,8
AGGTGGACTTGCCACC-1,1
AGGTGGCACTTGTCAG-1,2
AGGTGGCTGTCGCCAA-1,9
AGGTTAGTGGCCATAG-1,6
AGGTTCCACGCCGAAG-1,8
AGGTTGAGTAGGAGAT-1,3
AGTAACCGCAGGTCAA-1,9
AGTAAGCTCGGCCAAT-1,2
AGTACATATGTAGGAA-1,3
AGTACCGTTGTACGCC-1,2
AGTAGACAGATAACGG-1,6
AGTAGACAGTAAGGAG-1,10
AGTAGAGCATGGACGT-1,3
AGTATTACGGTATTCG-1,1
AGTATTAGCTGATCGA-1,2
AGTATTCAGCTGAATG-1,2
AGTATTCGTCGGTATC-1,1
AGTATTGATTGAGTCA-1,7
AGTCACTTATTCAAGG-1,3
AGTCCGTGATCACTAC-1,2
AGTCGCCACTCGGCGA-1,7
AGTCGGACCGTGCTTA-1,5
AGTCGGTCTAATCTGT-1,7
AGTCGGTTATACATAG-1,4
AGTCGGTTGGTTGGCG-1,1
AGTCGTTGCCGCCAAC-1,1
AGTCTAGGATTGTCAC-1,2
AGTCTGTTACAATAGT-1,9
AGTGAGCGCCTGTCCT-1,7
AGTGAGGTCTGTGCTC-1,1
AGTGAGTATTCTAAGT-1,9
AGTGCAATAACTAACA-1,2
AGTGCCAGATGCTCTG-1,7
AGTGCGCAACATGCGT-1,7
AGTGCTTCGCGGACGC-1,2
AGTGGTATGTCCAAGT-1,10
AGTGTACCTCTGTATG-1,3
AGTGTAGCTCTTATCT-1,9
AGTGTCATGGTTGTGG-1,2
AGTGTCGTGGCATGTT-1,5
AGTGTCTAGGCTAATA-1,5
AGTGTCTGAACTGTGG-1,1
AGTGTCTTAAGCTTGT-1,4
AGTGTTCGAGGATGAA-1,2
AGTTAACGAGCCACTC-1,9
AGTTAAGACTGGCTCC-1,4
AGTTAAGGTAGATACT-1,9
AGTTACCTCACCAGCA-1,2
AGTTAGAAGGACGAAT-1,2
AGTTATCCTGAACGAA-1,9
AGTTCGGCACATACGG-1,7
AGTTCGTCTAGTGCAG-1,8
AGTTCGTGCAGACCTT-1,3
AGTTCGTGCATGTCGA-1,3
AGTTGGCAACGTTGTC-1,2
AGTTGGCACCAGTTAC-1,5
AGTTGTACTTAATGGA-1,9
AGTTGTCCACAGACCA-1,10
AGTTGTGAACCTGATG-1,6
ATAACCTAGAACCTGC-1,3
ATAACGAAGAGCACGC-1,1
ATAACGCCTGTAGGCA-1,1
ATAACGGCAAGACTCC-1,3
ATAACGGCGTTACACT-1,3
ATAACTGAACTCCTGG-1,3
ATAAGAATCATGCATC-1,2
ATAAGACCAATCGCGG-1,6
ATAAGGAATAGAACAT-1,6
ATAAGGCGGACAAGTT-1,1
ATAAGTACCACGAGTT-1,2
ATAATCCGTTCCGTTC-1,8
ATAATCGTAGTTATTC-1,4
ATAATTAGTTCTACGG-1,9
ATAATTATCGACCACG-1,7
ATACAAGGTCAGTAGA-1,3
ATACAATTGCGGTATT-1,2
ATACAGATAGATTGAC-1,9
ATACATCAAGGATTGC-1,5
ATACATCACGCCTTCT-1,4
ATACATCACTGTCCGG-1,5
ATACATGCATGATCTG-1,1
ATACATGCTGGTGCAG-1,1
ATACGACATCTAGACC-1,8
ATACGCTGAGATCAGA-1,6
ATACGGCACGTTACGA-1,10
ATACGGCGACTGGTCT-1,8
ATACGGTCCTTGTCTT-1,4
ATACTAGCCACTTCGC-1,2
ATACTAGCCATTAGTT-1,7
ATACTAGTAACTGAGT-1,9
ATACTATGAATGTCTT-1,1
ATACTCGTCCAACTGC-1,1
ATACTGACTTCGGCAC-1,6
ATACTGGACCACAGCC-1,5
ATACTGGAGGATAACG-1,4
ATAGAACCTCTACCGA-1,7
ATAGAACGTTCGATCT-1,3
ATAGAAGGAGCAGTAG-1,1
ATAGAATTCTACTTGA-1,3
ATAGAATTCTAGGCCG-1,1
ATAGACATGGCTATGG-1,1
ATAGATGCCTAAGCAC-1,6
ATAGATTGAGTTCGAG-1,10
ATAGCACCTGCTGTCT-1,5
ATAGCTATTCGCACTC-1,2
ATAGCTGTGAATCGGC-1,5
ATAGCTTCACAACCGT-1,8
ATAGCTTCGTGGAACG-1,4
ATAGGCCGATAGAAGT-1,2
ATAGGCCGGTAATTCT-1,4
ATAGTACTATGGTTCT-1,4
ATAGTCCGCCGTTGGC-1,7
ATAGTGACGAATAGAT-1,4
ATAGTGAGTGAGGATT-1,3
ATAGTTAAGGCACGAG-1,3
ATAGTTCATCGGATCT-1,5
ATAGTTCCTAGGCCGG-1,1
ATAGTTCGCAGCCGTG-1,9
ATAGTTCGGTTCCAGA-1,1
ATCAACATAAGCGTAG-1,6
ATCAAGTGGTGATGGC-1,6
ATCAATCTGCAGGACC-1,5
ATCAATGGTTGTACCT-1,10
ATCAATGTCAACTCGG-1,4
ATCACCAGTTCGGCGA-1,4
ATCACGTTCAATGATA-1,8
ATCAGATACCAGCTGT-1,9
ATCAGTAAGCTCGCCG-1,2
ATCATTCACCAGATTG-1,3
ATCATTCCAACTTCGC-1,4
ATCATTCCACTTAGCA-1,9
ATCATTGTCCATGCCA-1,5
ATCCAACGCATGGTAC-1,6
ATCCAACGCCACATCG-1,8
ATCCACATCACTGCCG-1,1
ATCCACATGTTGGACC-1,5
ATCCACGAACGTTCGG-1,6
ATCCACGACACGAATG-1,9
ATCCACTCGTACTCGG-1,1
ATCCGAGTACAGGAAT-1,2
ATCCGAGTACCACGTG-1,5
ATCCGAGTCACTTGTA-1,2
ATCCGATGACCTCGGA-1,2
ATCCGATGTCTGTCAC-1,1
ATCCGATTATCTACGT-1,4
ATCCGGATGACGTAAC-1,10
ATCCGGTACCGTCCTT-1,5
ATCCGGTATCACAAGT-1,3
ATCCGTAGCTTCAGTA-1,7
ATCCGTAGTGTCGCTC-1,5
ATCCGTGGAACTTCAA-1,3
ATCCGTTATCGAAGGC-1,4
ATCCTCCAGCCATTGT-1,4
ATCCTCGTTCCAGGCC-1,10
ATCGAACATGCTAAGC-1,10
ATCGAACTCGTCCGGC-1,2
ATCGAATCTAGCAGAC-1,2
ATCGACAGCGGCAACA-1,3
ATCGACCGGAGTATCG-1,4
ATCGATGTCAGATAGA-1,8
ATCGCAATGCACTAAC-1,9
ATCGCAGTAACTTATT-1,5
ATCGCAGTCTATGGCA-1,6
ATCGCATCACGCATCT-1,3
ATCGGCTCTATGCCTC-1,5
ATCGTAACTACCTCTT-1,3
ATCGTAATCCACATGC-1,4
ATCGTACAACTGGCTA-1,4
ATCGTACACCTATGCC-1,2
ATCGTAGCATGTAGAT-1,2
ATCGTATTACTCGGAG-1,4
ATCGTATTGGAATCCT-1,1
ATCGTCACCATGTCAC-1,4
ATCGTCAGTTAGTCCA-1,3
ATCGTCCTAGTACGAA-1,4
ATCGTCTATGATGCCG-1,6
ATCGTCTTAACGAAGG-1,8
ATCTACAGGAGTGCAC-1,1
ATCTACCATATTCCAG-1,2
ATCTACGACAGCTCTT-1,1
ATCTACTCACATCTCC-1,8
ATCTCCTTGCGATACA-1,2
ATCTGACCGGAGTCCT-1,2
ATCTGAGGAACGGTTG-1,5
ATCTGCCGTCTACAGC-1,1
ATCTGGATCCTCAGAC-1,4
ATCTGTACGCGTCTCC-1,9
ATCTTAGACGCCTACT-1,2
ATCTTAGATAGGTTCA-1,9
ATCTTAGTGGCATGGA-1,5
ATCTTATCAGCAATAC-1,1
ATCTTCGGACATACTA-1,4
ATCTTGGCTTCGTCCT-1,1
ATGAACAATCGATGCG-1,1
ATGAAGCTGAATCCAG-1,3
ATGAATGTATCGTGGT-1,6
ATGACACTAATCGCAC-1,5
ATGACCAGACGGCCGG-1,1
ATGACCTCACGCACTG-1,2
ATGACCTCACTTAACC-1,5
ATGACGAGATCATTAA-1,1
ATGAGCTACATGGAAG-1,4
ATGAGCTATTCGAAGA-1,4
ATGAGGAACGACCAGC-1,9
ATGAGTACGCTTCCTA-1,1
ATGAGTATCAGATCTG-1,6
ATGAGTCCTGAAGTGG-1,6
ATGAGTCTAGATACTC-1,6
ATGAGTTACAGATAGA-1,6
ATGATAATTCCTTGCG-1,8
ATGATATCTAGTCTTA-1,7
ATGATTGATTCCGAAT-1,1
ATGCATCCTGACTCAC-1,3
ATGCATGCCTGCGATG-1,2
ATGCATGGTTCCGCCT-1,3
ATGCATGGTTGCTGTA-1,1
ATGCATGTATGTGAGT-1,1
ATGCATGTCACTCGTG-1,8
ATGCCAGCTGCCATCT-1,2
ATGCCGTCGATAAGAC-1,1
ATGCCGTTGTGAAGCG-1,7
ATGCCTTCGTAAGTTA-1,4
ATGCTCCAACCTGGCC-1,3
ATGCTCCGTTCTACTG-1,3
ATGCTCGCCTCCAATT-1,4
ATGCTGAATGCAATAG-1,3
ATGCTGCCGGCATACT-1,9
ATGCTGCCTACTGCAT-1,1
ATGCTGGCTTACTACA-1,4
ATGCTTACTCTAGGAA-1,2
ATGCTTGGACGAACTT-1,2
ATGGAACGATAGTGAT-1,3
ATGGAGCGCACTCGGT-1,2
ATGGAGGCCACGGCTT-1,8
ATGGAGGCCGCTATCC-1,6
ATGGAGTAATCGGACC-1,7
ATGGCATTATGGCTCG-1,5
ATGGTAACGGACCGGA-1,2
ATGTAAGAGCCACCTC-1,6
ATGTAATTGTCGTTCG-1,3
ATGTACAGTGCCTATG-1,8
ATGTACATCGTGGTTA-1,4
ATGTACATGAACTCCG-1,5
ATGTACCGATCCAGAA-1,2
ATGTACCTTCACATTA-1,3
ATGTACGGTGGCGTAT-1,6
ATGTACTACCGACTTC-1,2
ATGTACTCGTGGCTGT-1,2
ATGTACTCTGCAGCAC-1,6
ATGTACTGGTCGAAGC-1,6
ATGTAGAAGCGAATAG-1,2
ATGTAGCCGACCAAGG-1,3
ATGTAGGTAACCGTAC-1,9
ATGTAGGTTGGCGAGG-1,3
ATGTAGTCCAGAACAT-1,1
ATGTATCCAAGGTGGC-1,4
ATGTATCCATAAGTTG-1,1
ATGTATCGGAATACGG-1,9
ATGTATGAGTACCGGA-1,4
ATGTATGTTATTGAAG-1,7
ATGTCATACTTAGACC-1,1
ATGTCATCAGGTTATG-1,4
ATGTCGGATAAGCCGA-1,8
ATGTCGGCTGTCGTAA-1,4
ATGTCGTTACCAGACG-1,2
ATGTCTAACTGGCGAA-1,7
ATGTGAATCCATACGA-1,1
ATGTGAATTGCTGACC-1,1
ATGTGACATAGAGTCC-1,6
ATGTGATCCGTCTAAC-1,8
ATGTGCCGGTGACAGA-1,6
ATGTGCGTCTGAACAG-1,3
ATGTGCTAACATCGAA-1,5
ATGTGCTTGTGCTACC-1,4
ATGTTAAGATTACTGA-1,10
ATGTTACCTCGTCTGT-1,6
ATGTTAGACTATCTCA-1,2
ATGTTCGCAGAAGTCT-1,2
ATGTTCTGCCTTATCT-1,2
ATTAAGAACAGCTCCG-1,7
ATTAAGAATAACGCTT-1,4
ATTAAGCGTCCTGCCG-1,1
ATTAAGTGGCCTAAGG-1,4
ATTACAAGCAAGTGTC-1,1
ATTACATTGAAGTATG-1,7
ATTACCTTCGCAGAAG-1,1
ATTACTCAGTTAACGA-1,6
ATTACTCCGTGAAGCG-1,5
ATTACTGAGTGCCTCC-1,4
ATTACTGATATTCGCC-1,9
ATTACTGTACGCGGTG-1,8
ATTACTGTCGCATATT-1,2
ATTACTTGAGCAAGAT-1,3
ATTAGAACAGTGGTAG-1,6
ATTAGATAAGACGGCG-1,5
ATTAGCAGGATGTATT-1,1
ATTAGCATTCCGATCG-1,5
ATTAGCCTCACTTCTA-1,5
ATTAGCCTCAGTAGAT-1,1
ATTAGCGAGCATGCTG-1,4
ATTAGTCGTGTTATGC-1,5
ATTAGTGAGGTATCGC-1,2
ATTAGTGCTTGGTCAT-1,4
ATTAGTTGGACGTGAT-1,3
ATTATCACAACTCGGC-1,2
ATTATCAGTTCGATGC-1,4
ATTATCCAGGTGAAGT-1,8
ATTATCGAGTGCAGAT-1,8
ATTATCTAGATTAACG-1,4
ATTATCTTATTGAGAC-1,1
ATTATGCCATCGTTAA-1,2
ATTATGTTAAGGTAGT-1,2
ATTCAAGATTAGTTGC-1,9
ATTCACATAGGATGAG-1,2
ATTCACATCGTCACAG-1,6
ATTCACATCTTATTCT-1,2
ATTCACCTGACCAGTT-1,2
ATTCACGCTGTTATCG-1,7
ATTCACGTCGCAGGCT-1,3
ATTCACTCACGTGCAC-1,3
ATTCAGCTCCTACTAA-1,5
ATTCATAGCGAAGCGT-1,5
ATTCATAGTTCTAACT-1,5
ATTCCATTGTGAACGC-1,7
ATTCCGCAACGCCGCT-1,2
ATTCCGCTCCATCAGC-1,4
ATTCCGGACCGGTCTT-1,1
ATTCCGGTTACATACC-1,1
ATTCCGTAAGGATTCC-1,5
ATTCCTCAATTCCATA-1,9
ATTCCTGCCTTAACAG-1,3
ATTCCTTCGAAGGTGC-1,1
ATTCGCTCGCGGAGGC-1,2
ATTCGGAAGCTATTAC-1,1
ATTCGTGCCGACATGT-1,1
ATTCTACGTGGCAGAT-1,2
ATTCTACTGGTCGTTC-1,5
ATTCTAGGACATCAGT-1,1
ATTCTAGTCCACAAGA-1,6
ATTCTTGAGGCGACGC-1,8
ATTCTTGGAGTGATAG-1,3
ATTGACCTTCGGCGTC-1,9
ATTGACGAGCAGCGAC-1,2
ATTGACGCATCTCAAC-1,4
ATTGACGCCACCTTCT-1,5
ATTGACGCCAGCCAAG-1,2
ATTGACTTATGTGGTA-1,1
ATTGATAACACTAAGA-1,4
ATTGCAATTATGGTTG-1,5
ATTGCACGACCACTTG-1,3
ATTGCACGCATAACAG-1,1
ATTGCAGTTCTTCATT-1,7
ATTGCATATTGTTATC-1,5
ATTGCATCACTGACTG-1,10
ATTGCCTTACGCAGTT-1,2
ATTGCCTTGTCTAAGT-1,1
ATTGGCCTTCCGTGCA-1,3
ATTGGCTAACAGACAA-1,10
ATTGTTAAGTAGACTA-1,2
ATTGTTACGACTAGCG-1,2
ATTGTTATACTTCACG-1,1
ATTGTTATCGTAATAC-1,1
CAACAGCCAGACCTTC-1,6
CAACAGGTCAGAGGAC-1,4
CAACCGTACTGATCTT-1,10
CAACCGTATTACTGTA-1,3
CAACCGTTAACAGACC-1,2
CAACGCTTGCTCCTAC-1,6
CAACGGCACTCAGTCC-1,2
CAACTGACAAGACAAG-1,4
CAACTGCAGTGCAATA-1,1
CAACTGCATTCGACTC-1,3
CAACTGCTGGAGTTAT-1,9
CAACTTGGACATAGAT-1,3
CAACTTGGTACGATGT-1,2
CAAGACCACTATCGAA-1,5
CAAGATAAGTGCAATG-1,1
CAAGATTACCGATCAT-1,10
CAAGATTAGATGAGTT-1,4
CAAGATTCGTCAGCTG-1,4
CAAGCATGCCTGACTT-1,3
CAAGCCGCCATAGAGG-1,10
CAAGCCTCCACTATCT-1,1
CAAGGCAAGCATCTCG-1,8
CAAGGTCAGCGATGTC-1,1
CAAGGTCTCAATACAG-1,8
CAAGTACTCCGCATCG-1,3
CAAGTACTTATTAAGC-1,2
CAAGTACTTCAATAGT-1,4
CAAGTAGCCTCGATCC-1,1
CAAGTATCGGCAACCA-1,1
CAAGTCCGCTACCGTT-1,1
CAAGTCGCAGTCACTC-1,1
CAAGTCTTGGCGATAG-1,5
CAAGTGAATTGGATGC-1,3
CAAGTGGATCATCCAG-1,1
CAAGTGTTCGCCACGC-1,3
CAAGTGTTGACGGCCA-1,9
CAATAACTACATTAAC-1,7
CAATAACTCAAGGCAA-1,4
CAATAACTCAGATGAG-1,9
CAATAAGAACCGACTT-1,1
CAATAAGCGGCCAGAT-1,5
CAATAAGGTAACTCGT-1,4
CAATAATCGTAGGATA-1,2
CAATCCATGCCGATGC-1,6
CAATCCGAGGTGCTAG-1,5
CAATCGTCGGAGCATG-1,4
CAATCGTGAAGTGATA-1,5
CAATCTATGAGGTCAG-1,4
CAATCTGAGTCGACTC-1,4
CAATCTTATTAGAATG-1,1
CAATGCAGATCATAGA-1,4
CAATGCATTGACGGCA-1,6
CAATGCGGATGCTGGT-1,4
CAATTACAGGTGTCAT-1,3
CAATTGAACCGGCTCG-1,2
CAATTGTTGACGTGAG-1,4
CACCAGGCACGCTATC-1,1
CACCATAAGCTGGCTG-1,4
CACCATTCTTACGAGC-1,8
CACCGAGTCTTGGACA-1,9
CACCTACATGATTGAT-1,9
CACCTACCGCTACCTT-1,1
CACCTAGAATACTTCT-1,8
CACCTAGACGAGCCGG-1,9
CACCTATTACTCAGAT-1,3
CACCTCGAGCGATGCT-1,7
CACCTCGAGGACTCTA-1,8
CACCTTAGCTATTGTC-1,5
CACCTTGCGAGTTATG-1,3
CACGAACGGTCTTCAG-1,3
CACGACCTCCGTCATA-1,4
CACGAGGCCATCCACT-1,7
CACGAGGTATAGGTAT-1,2
CACGATAAGGCCTAAG-1,5
CACGATCATACAATTA-1,3
CACGATCTTCGCCGAC-1,9
CACGATGGTGCTAATA-1,4
CACGCCACAATCGCAC-1,2
CACGCTTATCAATCTT-1,1
CACGGATTCTCATCAC-1,3
CACGGCGACGGTGCCT-1,2
CACGGCGATACATACG-1,2
CACGGCTGCGCTTGGC-1,3
CACGGCTTACTCCGTT-1,4
CACGGTCTTGGTTAAT-1,5
CACGGTGCCGGACCAC-1,1
CACGTAGGTAGGCTGA-1,2
CACGTCAAGTGCGATC-1,2
CACGTCCAATTCGACT-1,4
CACGTCCACGACCTAT-1,9
CACGTCCATCTACTGA-1,3
CACGTGGCGGCACTAG-1,6
CACGTTGCACATACCG-1,2
CACTACAATATTGCGG-1,2
CACTACCATACGCAGA-1,1
CACTACCTTCGCTTCA-1,8
CACTACTGCGGAATTG-1,8
CACTACTGGCTGAACC-1,5
CACTAGTCGACATCTA-1,5
CACTCAACGCAACGAC-1,6
CACTCAAGACCATGCA-1,3
CACTCAATAAGCCGAA-1,3
CACTCAATGGTTCGGA-1,2
CACTCAGAGCAACCGG-1,2
CACTCAGTACTCCGCT-1,4
CACTCAGTGGTCCTTC-1,1
CACTCATCACGTTACG-1,8
CACTCGGCGTATCGGC-1,5
CACTGGATCGATACGA-1,7
CACTGGCCAGCCAGAT-1,3
CACTGGCGGTAACACC-1,4
CACTGGTGAGACGCTT-1,5
CACTGGTGAGTTATCG-1,8
CACTGGTGGCGTCGTT-1,1
CACTTGACATTCAGAA-1,3
CAGAACATGATAGGAC-1,3
CAGAACGTATCGACTT-1,3
CAGAAGATTAGAATGG-1,1
CAGAAGTCGCGGTTAT-1,7
CAGAATTCTTGAACCA-1,5
CAGACACTTACAAGAC-1,2
CAGACAGTCGGATCTG-1,7
CAGACGAATGAGGAAC-1,2
CAGACGATACAGATCG-1,1
CAGACGCACTACTGAC-1,1
CAGACGCAGTAGGTCT-1,2
CAGAGCAATGGCTTCT-1,1
CAGAGGCACTTAAGTC-1,7
CAGAGTCAATCCGCTG-1,1
CAGAGTCATGTACAGG-1,2
CAGATACAGCACTCGT-1,6
CAGATTATCATAACGC-1,1
CAGATTCCGTATGCGA-1,3
CAGATTCGAACAGGTG-1,4
CAGATTGCCTGTAAGT-1,3
CAGCACGCTAATCAGA-1,1
CAGCATAGACTAGGCA-1,1
CAGCATCCTCGCCACT-1,2
CAGCCAACGATAGCTT-1,5
CAGCCACGGCTCTACG-1,9
CAGCCAGTCCTGTCGG-1,5
CAGCCATGTCTGCCGT-1,4
CAGCCTCGTGGCTCAC-1,8
CAGCCTGGTTGAACTA-1,1
CAGCGATAATGCGATT-1,5
CAGCTCCTCGGATTCT-1,2
CAGCTCCTTAGGTAAG-1,4
CAGCTGGATGCGGCTA-1,4
CAGCTGGCGATAAGTG-1,1
CAGCTGTTGCCGGAGT-1,2
CAGCTTCACTACCGTG-1,5
CAGCTTCTAGCTGGCA-1,6
CAGCTTCTCCGCTCTT-1,1
CAGCTTGGTTCGGTCG-1,2
CAGGACAGAAGGCTGG-1,1
CAGGACATGGTAATGC-1,2
CAGGAGCGTATCGCAT-1,4
CAGGCCAACGGTCGTA-1,10
CAGGCCGTATCTGTTA-1,1
CAGGCGAGGTCTTGGA-1,4
CAGTAATATCACTACG-1,7
CAGTACAGTTGTGGAA-1,7
CAGTAGATTGACGGAT-1,8
CAGTAGCACTACATTG-1,6
CAGTATACTGCAGCAA-1,7
CAGTATCTTACACTAA-1,2
CAGTATGCGTGGCGCT-1,1
CAGTCAGCCGATCCGG-1,2
CAGTCTGGACAATCTA-1,3
CAGTCTGGTAATCTAC-1,8
CAGTCTGTGGCGCTGC-1,4
CAGTGAACAGCAACGA-1,5
CAGTGCCTTGCGGTCT-1,8
CAGTTGCACGGACAGG-1,1
CAGTTGCGACTTCTCG-1,2
CAGTTGCTCACGTGTC-1,10
CATACAATGAGTAGCT-1,8
CATACCTCGATTGTTC-1,9
CATAGAACATTGAACA-1,2
CATAGCTTGACAACGG-1,4
CATATCAGACTATCCA-1,2
CATATCCGTTCACCTC-1,4
CATATGTTGACTGGCG-1,2
CATATTCATCCGCATT-1,2
CATATTCTTGTCGTAA-1,3
CATCAACATAACCGAT-1,3
CATCAGAAGGCTTCGG-1,6
CATCAGATACTAATCG-1,3
CATCAGGTAGGACCGT-1,1
CATCAGGTGCCTGATA-1,7
CATCAGTAATCAGACA-1,2
CATCCGAAGCGTATGG-1,10
CATCCGCCTAAGGAAC-1,6
CATCCGGTACCAACGA-1,3
CATCCGTGCGGTCTAC-1,2
CATCCGTGGTCGTAAG-1,10
CATCCTAGAATTATTG-1,6
CATCCTAGTGGTATGT-1,5
CATCCTTCGACTAAGT-1,5
CATCGCGGTCGGTGCG-1,3
CATCGGATACGCACAG-1,1
CATCGGCATGTCGAAG-1,4
CATCGGCCTGCATATC-1,2
CATCTGGCCATACTAG-1,2
CATGATAGGCCATGAG-1,5
CATGATGCATGTGCTA-1,3
CATGATGCTAGCCATG-1,7
CATGCACGCCGACGGA-1,2
CATGCAGAAGTCAGGA-1,5
CATGCAGGTAGTTGTA-1,1
CATGCATATTCTGCCT-1,5
CATGCGCTACTGGAGG-1,6
CATGCGGCCGGAATTC-1,9
CATGCTCATCTGAACG-1,3
CATGGCTACTGTACGT-1,2
CATGTCCACCTGCGTC-1,7
CATGTTACCGAAGGCG-1,3
CATGTTATTGATGCAG-1,8
CATTAACTAATCGCGT-1,7
CATTAACTATTGTTCC-1,7
CATTAGGATAGTGAAT-1,5
CATTAGGCAATGGTTA-1,5
CATTCTCCAGTCACCA-1,1
CATTCTGTGCATGCTC-1,1
CATTGCAGCGAAGACC-1,1
CATTGCGTGCCACCTT-1,5
CATTGCTATGTTAGCT-1,1
CATTGGCGGTTGAGTC-1,2
CATTGTCGGTCGCTAG-1,5
CCAACAGGAACACGGT-1,10
CCAACTTGCCACCGTA-1,6
CCAACTTGCGTTAACC-1,1
CCAAGCTGGCCATTGC-1,4
CCAATACCAACACGCC-1,5
CCAATAGCGGTACGTG-1,2
CCAATATTAGTGCGTT-1,4
CCAATCTAACGTGACG-1,10
CCAATCTTGCCTATGG-1,9
CCAATTATGACACTGG-1,3
CCACAACCAGCAGGTG-1,9
CCACATGGCGACGTCT-1,4
CCACGAACGCTGCCGC-1,2
CCACGATCCTAATCCG-1,10
CCACGCCTGGAGAAGT-1,2
CCACGGCTGGCAACCT-1,5
CCACGGTACACCAACC-1,8
CCACGTCGGTCGCTTC-1,2
CCACGTGCCACCTCAA-1,5
CCACGTGGACTGCGGT-1,1
CCACTAATCACCGGTA-1,3
CCACTCCAGCACCTAC-1,2
CCACTCTGTAGTCGGA-1,2
CCAGAACCGTGCATCC-1,4
CCAGACAATATCGTTA-1,3
CCAGACAGAACCTAAG-1,5
CCAGACATCCGGTTCT-1,1
CCAGACATCGGCACGC-1,4
CCAGATAGACGAGGTG-1,2
CCAGATAGCGTAGTGA-1,5
CCAGATGATATGTAGG-1,8
CCAGATTGTAGCCTAC-1,3
CCAGCACTCGACTGAC-1,7
CCAGCAGGTCTTGTTC-1,9
CCAGCATCTACCGCTT-1,6
CCAGCGGATTCCGCTG-1,8
CCAGGATACCGTTAGT-1,3
CCAGGTCCACATCCAT-1,1
CCAGGTTACGAGACTG-1,3
CCAGTGTCACAGCGCC-1,1
CCAGTGTCTAGCTACG-1,2
CCAGTTGTGATGCAAG-1,5
CCATACGGAGCCAAGG-1,9
CCATAGCCGTACGCAC-1,4
CCATAGTAGGTGCTTG-1,6
CCATAGTATTGTCTGC-1,9
CCATAGTTCGAGTAAG-1,2
CCATCTGTGGCATCGT-1,6
CCATGAACAATGCTCC-1,6
CCATGAACATCGTTGG-1,3
CCATTATCGTTACCTT-1,3
CCATTCGTCTGCTCTA-1,5
CCATTGGCAATTCTCA-1,4
CCGACAACGTCATCGG-1,5
CCGACAAGACTGTACT-1,7
CCGACAAGTATTCATC-1,6
CCGACAGACTGTGCCT-1,2
CCGAGGATGACTCGTC-1,6
CCGATAATGGAGCCTT-1,4
CCGATGGAACATCAGC-1,5
CCGATGGATCCGGCAG-1,1
CCGATTAGCGAGTGTA-1,4
CCGATTCCATAAGAGT-1,5
CCGATTCCTCACTACA-1,5
CCGCAAGGAAGGAGGC-1,1
CCGCAAGGTACCGTTG-1,2
CCGCAATCCGTGGTTG-1,2
CCGCAGTGATCACTGT-1,7
CCGCATAGTACAGGTT-1,7
CCGCATGTAGTTAGAC-1,1
CCGCCACTGCGTTGGC-1,1
CCGCCATACTTCACCA-1,4
CCGCGAGGTGCGATGG-1,3
CCGCGGCCACAATCGG-1,1
CCGCGTAAGATTCCTT-1,4
CCGCGTATCGTTGCAG-1,9
CCGCGTCGTTGGTCTG-1,7
CCGCGTTACCTTGGCG-1,10
CCGCGTTGCTACAACT-1,6
CCGCTCAATCTGGAAC-1,5
CCGCTCATACAAGTCA-1,3
CCGCTCGCTAGTCTAA-1,3
CCGCTCTGCTGAATTC-1,4
CCGCTCTGGATATCGG-1,9
CCGCTGGCACCAAGAC-1,6
CCGCTGTCACCTGCAA-1,5
CCGCTGTTGCCATACG-1,1
CCGGAGAAGCTAACCA-1,4
CCGGAGACAAGAATAA-1,2
CCGGATCACTATGGCC-1,5
CCGGATCAGCCGACTA-1,3
CCGGCAATGAAGTGAA-1,8
CCGGCATAGGCAAGTG-1,2
CCGGCGAACATCACGT-1,6
CCGGCGAACCGTGCAC-1,5
CCGGCGCAGCATGCGA-1,4
CCGGCGCTAAGGATGA-1,8
CCGGCGTCCTCATTGT-1,7
CCGGCGTCTTAATAAG-1,9
CCGGTGGCAAGCCGTA-1,5
CCGTACTGGACGCAGA-1,2
CCGTATAATCTGGCCG-1,5
CCGTCTTATGGACGAG-1,2
CCGTGAAGGATAACAG-1,2
CCGTGCACATCTGGCA-1,1
CCGTGCACTACCAGAA-1,6
CCGTGCTGGCAATATG-1,7
CCGTGGCGTCGGTGCT-1,4
CCTAACGCGATTGCAT-1,4
CCTAACTACGAATATG-1,2
CCTAACTTATGTTGGA-1,5
CCTAAGCATGCCTTGT-1,1
CCTAAGGTTACAGTAA-1,2
CCTAATAGCGGACAGA-1,7
CCTAATCAGGCCATTA-1,10
CCTAATCCACAAGGAT-1,5
CCTAATGGCACTGTTC-1,4
CCTACACCGACATTAC-1,1
CCTACCACTCCAGTTA-1,5
CCTACCATCGCAGTAT-1,4
CCTACCATGTGATCAC-1,8
CCTACGAGCTGGCCGG-1,4
CCTACGGTAAGACTCG-1,5
CCTAGCCTAGTACCGG-1,4
CCTAGCCTTCATCGGC-1,5
CCTAGTCAGCGAACCA-1,2
CCTAGTCAGTCCTTAT-1,1
CCTAGTGAATGTCTGC-1,3
CCTATCTATCAATCGC-1,2
CCTATGCCAGCAATCC-1,3
CCTATGCCGTCGGCAC-1,3
CCTATGCCTTCTTGTT-1,7
CCTATGTCGAATAGAA-1,3
CCTATGTCTTACCGGC-1,1
CCTCACAATACAACTG-1,4
CCTCACATGTACCTGG-1,6
CCTCACATGTCTTACT-1,10
CCTCACCTAGTGGCAA-1,5
CCTCACGTTACTCGCA-1,5
CCTCACTTCCTTCCGA-1,8
CCTCATGATTATCTGA-1,5
CCTCCGAAGCTGTACC-1,6
CCTCGATAGAATAGGA-1,5
CCTCGCCAACTACAAG-1,3
CCTCGGAAGGCATGCA-1,4
CCTCGGATCTTGCGGT-1,2
CCTCGGCGCCGATTGA-1,8
CCTCGGTATGACAGTA-1,2
CCTCTACCGTGATTGG-1,1
CCTCTAGCTCTGGCAG-1,5
CCTCTAGCTGGTCCGC-1,4
CCTCTATGTTGCTTAT-1,2
CCTCTTCGAGCGGTTG-1,7
CCTGAAGCAATGCACG-1,1
CCTGAAGCGTATAGCA-1,3
CCTGAAGTGCATGCAT-1,3
CCTGCTCGCCGTCCAG-1,3
CCTGGATCTAGAGCCA-1,5
CCTGGATTGCGTAACA-1,2
CCTGGCATACCTGTCA-1,1
CCTGGCTTATGGTCTG-1,5
CCTGTCCTCAGTTGTA-1,3
CCTGTCTAAGTAGGCT-1,7
CCTGTCTGATAGGTGA-1,9
CCTGTCTGCATAGGTC-1,4
CCTGTCTTACAATCCT-1,10
CCTTAATTGGAATATT-1,6
CCTTAGATCTGTAATA-1,3
CCTTAGCGTTCGCAGG-1,6
CCTTAGTCTGTCACTG-1,8
CCTTAGTGGATCCACG-1,4
CCTTAGTTATACCAGA-1,1
CCTTATAGGCGAATAC-1,5
CCTTATGAGGCGTTCC-1,1
CCTTCACCGACGGACA-1,10
CCTTCATAGTACTTCA-1,9
CCTTCCAACCTTCAGA-1,6
CCTTCCACTGCCTAAG-1,1
CCTTCCGCTCCGGCAT-1,4
CCTTGTCTACTTAGAC-1,1
CCTTGTCTAGTTCTTG-1,2
CCTTGTCTTACGGTTC-1,3
CCTTGTGATGGTCTAG-1,4
CGAACGTGAAGTCCAA-1,2
CGAACTACAGATGTAA-1,3
CGAAGACCGCCAGGCG-1,4
CGAAGAGCAGATGATT-1,1
CGAAGATCCGAAGGCA-1,5
CGAAGTCGTTGGCTCG-1,1
CGAATCCTGATAGGTG-1,2
CGAATGGACCGTCTTG-1,4
CGAATTAAGTGGACTA-1,1
CGAATTACTGCTCCGG-1,2
CGACAAGCACTCAGCC-1,6
CGACAAGTACTCCTTA-1,10
CGACAATCATACGCAC-1,3
CGACAATTATTCTGTC-1,3
CGACATTGTATGGAGG-1,1
CGACCAGAACTGTCAT-1,5
CGACCAGAAGGATCCG-1,1
CGACCAGATTCAGTGA-1,3
CGACCAGCCTTGATTA-1,5
CGACCTATACTGACGT-1,1
CGACCTATCTCGCAAG-1,3
CGACCTGCATCTGCAT-1,4
CGACCTTGGCGTTCTA-1,1
CGACGCAACATGGCGA-1,2
CGACGCAGCCTTAGTC-1,6
CGACGCCAAGGTGCAA-1,4
CGACGCCAGAGGAACT-1,2
CGACGCCGCAAGTAGC-1,2
CGACGCTCCGCACGTG-1,8
CGACTAAGCGGCAGAC-1,1
CGACTAATCGGCTCCT-1,1
CGACTAATGTTAGGCT-1,8
CGACTAGGAGATAAGC-1,8
CGACTAGGTCCTTAAC-1,3
CGACTATCAAGCCGAC-1,1
CGACTATCTTCGAGCG-1,6
CGACTGAACGAATGCT-1,4
CGACTTCACTCGGCAT-1,3
CGACTTCGCAAGCGGT-1,4
CGACTTGCACGCCTGC-1,6
CGAGATGCCGCATCTT-1,7
CGAGATGCGGTATGCG-1,2
CGAGCCTGCAAGGTTA-1,4
CGAGCGAGCCACGCTA-1,8
CGAGCGGCACAGTAGG-1,3
CGAGCGTAATGGAGTG-1,2
CGAGCGTGCATTGTGG-1,3
CGAGCGTGGACTGGAA-1,2
CGAGCTATGTCCTCGC-1,5
CGAGCTTAGAATACCT-1,6
CGAGGAAGACTTAGAT-1,9
CGAGGAAGGCAGAAGG-1,6
CGAGGAGCATGCTATG-1,1
CGAGGAGCGTTCGTTA-1,5
CGAGGAGTCTAAGGAT-1,2
CGAGGATTCGATCATA-1,3
CGAGGCATCCAAGTCC-1,5
CGAGTCACTCATAGAT-1,2
CGAGTCATCCGCACCA-1,1
CGAGTCCATGTCAACA-1,3
CGAGTCCGTTGGAACT-1,1
CGAGTGCGGCTCGTGG-1,3
CGATAACTCCTTATGC-1,1
CGATAAGAATTCCAGT-1,3
CGATAAGGATAGGCAA-1,8
CGATAAGGTGCCTGAC-1,5
CGATGACCAGATCTGT-1,6
CGATGACCTCATCCTC-1,3
CGATGAGGCCAACGTA-1,5
CGATGATCAGCTATAA-1,3
CGATGATCCTGCAGCC-1,4
CGATGCACCAGGCCTC-1,5
CGATGCCTGCTCACCG-1,2
CGATGTCCGACTACAG-1,4
CGATTGGAACAGGCCA-1,8
CGCAACCATGCACCGA-1,6
CGCAATGTATCCAATG-1,1
CGCACGCAGCCGTTAT-1,6
CGCACGCAGGTAAGTC-1,4
CGCACGCATAATGGTG-1,1
CGCACGGCTGTCAGGT-1,5
CGCACGTAGCATTGTT-1,4
CGCACGTATGAAGGCC-1,2
CGCACGTGACTGTTGG-1,8
CGCACTAACTACCGGT-1,5
CGCACTCACCAGCACG-1,4
CGCACTGTGAGCCTGT-1,5
CGCACTTAAGGCATGC-1,2
CGCAGACACTGGCGTA-1,3
CGCAGAGCAGTCCGAG-1,1
CGCAGATAGATGTTCT-1,4
CGCAGATATGGACAGT-1,2
CGCAGATTCGACCGAA-1,3
CGCATCCTGTTGTAGC-1,3
CGCATCTTGACTTAGT-1,10
CGCATGAGGAGCGTCT-1,5
CGCATGGAATTCACGA-1,2
CGCCAACCTGGCGAAT-1,1
CGCCACAATAGCTCAA-1,3
CGCCATGAGGCGATGA-1,7
CGCCGATTGTCCTTCG-1,6
CGCCGGACTAGGTACA-1,6
CGCCGGATCATTAGAC-1,3
CGCCGGTATCTAGCAC-1,4
CGCCTAGAGCGTGGAG-1,4
CGCCTCGAGCCACTCG-1,7
CGCCTCGATAATGCGG-1,7
CGCCTCGGAACTGTGC-1,3
CGCCTCGGCTACTCGC-1,4
CGCCTCGTACGAAGGC-1,1
CGCCTCTAATTCGCGG-1,5
CGCCTCTACTCGGAAC-1,3
CGCCTCTGACTATTGT-1,2
CGCCTTAAGGTACGCT-1,4
CGCCTTACGAGTAGCG-1,10
CGCCTTAGCGGCCTCC-1,7
CGCCTTAGGATCGGCA-1,3
CGCCTTATCTTGGCGA-1,9
CGCCTTGACGTGAATC-1,1
CGCCTTGTGAAGTCTA-1,9
CGCTAGACTTCATCAC-1,3
CGCTAGCCGCATGCAT-1,2
CGCTATAGTCTTCATC-1,4
CGCTATGGTTGGTTAA-1,5
CGCTATTAATCTATAA-1,4
CGCTATTATGATACGT-1,5
CGCTCGCAATTGGCGA-1,5
CGCTCGGCCGGTTGTC-1,7
CGCTCGGTACTGCGAA-1,3
CGCTCGTTATAGATCT-1,5
CGCTGCAATCGCTGTT-1,1
CGCTGCGAGTCCACAT-1,6
CGCTGCGGTTGAGTAG-1,9
CGCTGCTATGACAGAC-1,6
CGCTGCTTCGCATACT-1,5
CGCTGTGACATAGGCA-1,2
CGCTTAGAATTCTTAC-1,3
CGCTTAGGCTGAGTCC-1,9
CGCTTATGGTTAGGAT-1,3
CGCTTGCGTACGGCAC-1,1
CGCTTGCTTGGTCTGG-1,4
CGCTTGGCTTGGATCT-1,3
CGGAACCGATTGAGTC-1,7
CGGACCAGCAGAATTC-1,6
CGGACTGTGAGTATAG-1,4
CGGAGCCGCAATAGCC-1,2
CGGAGCGGTAAGACGC-1,5
CGGAGCGTAGAATCTT-1,6
CGGAGCGTCTGACAGT-1,3
CGGAGCTCCGATACCT-1,9
CGGAGGCTAGTCGGCA-1,5
CGGAGTAAGGTGCGGT-1,6
CGGAGTAAGTGCACAT-1,8
CGGAGTCTTACGTGAA-1,8
CGGAGTGGCGACTAAG-1,2
CGGAGTGGTCAAGTAT-1,2
CGGATTCCAGACGGTT-1,3
CGGATTGCGTCTACCT-1,9
CGGATTGTGCAGGAGC-1,9
CGGCAACCACTAGCAT-1,1
CGGCAACCTAAGTCCA-1,9
CGGCAAGATGCGTCGG-1,1
CGGCAATCGATAGCGA-1,6
CGGCACTCCGGTTCGC-1,4
CGGCACTCTAGCGGAA-1,3
CGGCATGGCCGCTTGT-1,2
CGGCATTATCGCGTGG-1,2
CGGCCATCAACCGGCG-1,2
CGGCCTAACGATAATG-1,2
CGGCCTGTCTGTCTGT-1,10
CGGCGTAGCGCTAGGA-1,7
CGGCGTTGGTTGCAGC-1,1
CGGCTCGTGGAGTACT-1,2
CGGCTGTACATGATGT-1,4
CGGCTTACGTGCACGA-1,4
CGGCTTATTCGCTAAT-1,1
CGGCTTCCTACTGGTT-1,1
CGGCTTCGATCTCCAA-1,1
CGGCTTCTACGATATG-1,5
CGGCTTGTGCCGGCCT-1,3
CGGTAGAACGTGACTT-1,8
CGGTAGATTCCTATGC-1,4
CGGTATAGGATGAGCG-1,10
CGGTCAACGGCGGATT-1,8
CGGTCATGGAGGACTC-1,8
CGGTCCATGCGACTCC-1,2
CGGTCCATTACAACTA-1,4
CGGTCCGGTTCTTAGC-1,4
CGGTCTGCGGACTCTG-1,1
CGGTCTGCGTATCTGG-1,2
CGGTCTGCTTGAATGA-1,1
CGGTCTTATCCAAGCT-1,6
CGGTCTTGCTATTCTA-1,4
CGGTGAACGGTTAGAT-1,2
CGGTGAACTCACATTG-1,5
CGGTGAGCATGTATAC-1,3
CGGTTACCATCAACCA-1,2
CGGTTATCTGTCTTAA-1,4
CGGTTGATTGAGCGCC-1,1
CGTAACAGGTCTTGAA-1,6
CGTAACATAAGTCATC-1,2
CGTAACATTCGCGATA-1,5
CGTAACATTGGCTGAG-1,4
CGTAACCGGTATGCTA-1,2
CGTAACCTGACATCGA-1,5
CGTAAGCCGACCGCTT-1,3
CGTAATGTTATCGCCG-1,6
CGTACAGACGAGGACC-1,5
CGTACAGGCCGCACTG-1,2
CGTACAGTAAGTAATG-1,6
CGTACATCACTGGATG-1,7
CGTACATCGATGTCTT-1,1
CGTAGCCAAGTCCGTC-1,8
CGTAGCCTTGAGCAAG-1,2
CGTAGTACAAGGTACT-1,9
CGTAGTACGCATAATG-1,9
CGTAGTCCGAGCATGA-1,6
CGTAGTGACTCAAGGA-1,2
CGTAGTTATTGGTAGT-1,6
CGTAGTTCGTTGGTAG-1,7
CGTCAAGGCGGAATGT-1,6
CGTCAGAACGTTGCCG-1,2
CGTCCAATCTGCGTCC-1,4
CGTCCATAATCCGCTT-1,1
CGTCCATCGTCCAATA-1,9
CGTCCATGTAGCGTCT-1,2
CGTCGGATCGCAGAAC-1,5
CGTCGGCAGACGGTAT-1,4
CGTCGGCGGTAGATCA-1,4
CGTCGGTTAGCGGTGA-1,2
CGTCTTGCAACTTCTG-1,4
CGTGAATGGTCCTGCG-1,6
CGTGAGCAATGGACAT-1,4
CGTGAGCTGTTATCGT-1,2
CGTGAGGAACATAGGT-1,9
CGTGAGGCCTACAAGT-1,1
CGTGCGGATTCATGTA-1,10
CGTGGCTCCTTGTCTT-1,5
CGTGTACGATGATTGT-1,2
CGTGTAGTATTCTTGG-1,9
CGTGTATGAGGCCAGG-1,2
CGTGTTAACCTGAAGC-1,1
CGTGTTACCATATGTA-1,8
CGTGTTAGATGGTATC-1,7
CGTGTTGGACGTCTGG-1,5
CGTTAACGAGAAGGAC-1,8
CGTTACAGTGCACTCA-1,10
CGTTCCTGTCACCGTG-1,2
CGTTCTCGAGGTTCGC-1,7
CGTTGGTCGTCACTGT-1,4
CGTTGGTGGCGTCTGC-1,1
CGTTGTGAGCAAGTGG-1,2
CTAACAAGGTGATCAA-1,1
CTAACAGTATACCGGC-1,5
CTAACCTCACCGAAGA-1,1
CTAACGTTAGGCAATG-1,8
CTAAGAACCTTATTCC-1,6
CTAAGAATTGATTCAC-1,6
CTAAGAGGCTATGTTC-1,6
CTAAGCGTGCCTGCAA-1,5
CTAAGCTCCACGATCA-1,2
CTAAGCTTACAGTACG-1,2
CTAAGTGGCCGATTAG-1,1
CTAATCACTCCGAGAC-1,3
CTAATCTGGCCGTGTT-1,5
CTAATGACATCATTCT-1,4
CTAATGAGCGAGGCTA-1,2
CTAATTACGCAATGGA-1,6
CTAATTATGTTGCCGC-1,1
CTACAACCGCTGTCTA-1,5
CTACAGAACCAGTTGA-1,2
CTACAGAATTAATGAC-1,2
CTACAGATCGGTCGCC-1,7
CTACAGATGGTCATAC-1,1
CTACAGCGTCTACACT-1,4
CTACAGGTAGAATTCC-1,2
CTACAGGTCGCTAAGC-1,2
CTACATCTACTGGCTT-1,3
CTACCAGACCTCTTAG-1,1
CTACCAGGAGACATCT-1,4
CTACCATCGATGAGAA-1,3
CTACCTTATCAACTGA-1,2
CTACGAATCAGCCTGG-1,7
CTACGAATTGGCTGGT-1,4
CTACGAGCCGGACGGT-1,4
CTACGAGCCTGGAGAC-1,8
CTACGATGCGTCCGGC-1,2
CTACGCCGCATGAATG-1,6
CTACGCTACATCTGTT-1,9
CTACGCTTAGAAGTGC-1,1
CTACTCGGCGTCTAAT-1,1
CTACTGCTCCGACAGT-1,6
CTACTTATGAACATAA-1,4
CTAGACGATTGAGCTA-1,2
CTAGATACAGACCGAG-1,6
CTAGCAACCAGTGCGG-1,2
CTAGCACGATCACTGT-1,2
CTAGCACGCCAAGCTT-1,4
CTAGCCGAAGATGGAC-1,5
CTAGCCGATTCAATGC-1,5
CTAGCGCCTAGCTTAA-1,2
CTAGGACGCAAGCATT-1,3
CTAGGCCAGGAGTACG-1,4
CTAGTCAGGCGACAGT-1,1
CTAGTGTAGTAAGTCA-1,6
CTAGTTATGTCCAAGG-1,1
CTAGTTCTACATGACG-1,1
CTATAACTACGCCTGG-1,1
CTATAACTCCTGGAGG-1,3
CTATACCGACTCGCAT-1,7
CTATAGATCCACAAGC-1,6
CTATCCATTAGCTCGA-1,1
CTATCCATTGAGCCAC-1,3
CTATCCGCTGCAATTG-1,1
CTATCGAATGGTCTGT-1,3
CTATCGAGATGCCTAC-1,7
CTATCGATCACGATTA-1,7
CTATCGATCTGCGTGA-1,2
CTATCGCAGTCAATGG-1,5
CTATCGGATATCGGAG-1,2
CTATCGGCTTAACTAG-1,1
CTATCGTATCAGCGTG-1,4
CTATCGTATGATAGGA-1,2
CTATCGTATGGTGATG-1,6
CTATGCAACAGAGTCG-1,3
CTATGCCACGAGGCTG-1,1
CTATGCCATGCGGACA-1,2
CTATGCCGTACAGCGT-1,2
CTATGCCTATTGATCT-1,3
CTATGTAGCGCAGATA-1,5
CTATGTAGGCCGAACG-1,5
CTATGTCACTTGAACC-1,9
CTATGTGCCTTCAGGT-1,1
CTATGTGCGGTTGACT-1,6
CTATTAAGCCAGCACT-1,3
CTATTAGACTAAGTGG-1,9
CTATTAGCGGCTTCGT-1,4
CTATTAGTACTGGCTC-1,1
CTATTATGAGATACGA-1,4
CTATTATGGCACCTCG-1,1
CTATTCCGGCCGTCGG-1,2
CTATTCGTCTTACATA-1,7
CTATTCTGCAACGCAC-1,3
CTATTCTGTAGGACCT-1,9
CTCAAGAAGCACTGTA-1,6
CTCAATACAGTATTCT-1,4
CTCAATACGTTAACCG-1,3
CTCAATGACCATTAAG-1,3
CTCAATTGGCGATTCC-1,2
CTCACCAGGAATTGAC-1,8
CTCACCAGTGTAAGTT-1,3
CTCACCGAGGATCCGC-1,10
CTCACCGTGACTCGGA-1,7
CTCACCTGAGACTAAG-1,5
CTCACCTGCCGACTAA-1,6
CTCACCTGGCTTAGGT-1,2
CTCACCTTAATAAGAT-1,4
CTCACCTTATCTCCTT-1,5
CTCACCTTCTGAAGTA-1,7
CTCACGAGTAGATGAG-1,3
CTCACGATCTCCGGAG-1,4
CTCACGTATTCAAGCG-1,5
CTCACGTTCGGTCTGC-1,5
CTCAGAAGACAACTCG-1,7
CTCAGGATACGCGGCA-1,8
CTCAGGCACGTCAGAC-1,1
CTCAGGTCACTACAGC-1,5
CTCAGGTCGTGCTCGC-1,8
CTCATAATAGCACCGT-1,4
CTCATAGCCAATGTCG-1,3
CTCATCCTGGCAAGTC-1,3
CTCATCTATTCGATAC-1,1
CTCCAAGCGTCCTTCA-1,2
CTCCAAGTGAGCCAAT-1,2
CTCCACATAACCTATT-1,3
CTCCACGCTAGCTAGA-1,1
CTCCACTGGCTAATGG-1,2
CTCCAGTGGTTCTAGG-1,7
CTCCATGGCGACCAGT-1,5
CTCCGGATCCTCGCTC-1,2
CTCCGGCCTACAGCTT-1,8
CTCCGGTTCAGCGGAT-1,7
CTCCGTAAGGTCTGTT-1,6
CTCCTACATTGTATCT-1,9
CTCCTACCTCGTGGTA-1,5
CTCCTACTTGAGTAAG-1,2
CTCCTGTCGAAGCCAA-1,4
CTCCTTATCTTAAGAC-1,1
CTCCTTATGGAACCTT-1,7
CTCCTTGAATTGGCTA-1,9
CTCGACAGCACTCGGA-1,7
CTCGACATAATTCTAT-1,6
CTCGACTCCTAATGGA-1,7
CTCGATGCGGTGTTAA-1,5
CTCGATGTTGAACGGC-1,5
CTCGATGTTGCTATGT-1,5
CTCGCATACTCAACTC-1,5
CTCGCTAGCACCATCT-1,7
CTCGCTGTTCATAGAT-1,1
CTCGGAATTCTTGATA-1,3
CTCGGACTAACGTGGC-1,4
CTCGGAGTCTTAAGGA-1,4
CTCGGATCGGAATACG-1,6
CTCGGATTGAATGAGT-1,1
CTCGGTCTCCAACTGC-1,3
CTCGTCGCGATTAATT-1,3
CTCGTTCTGTCACGTT-1,3
CTCGTTGCACCTTAGG-1,2
CTGAAGCGGTTGCCAA-1,1
CTGAAGCGTGGTGAAG-1,1
CTGAAGGAGCCTCACT-1,3
CTGAAGGATCTGTACG-1,4
CTGAAGGTGCTCGAGG-1,2
CTGAAGTGCTATGGCG-1,3
CTGAAGTGCTGAACTG-1,7
CTGAAGTTGCAGACAT-1,4
CTGAAGTTGGATCGGC-1,1
CTGAATTCGCGTAAGG-1,6
CTGACCGCCAATTAGG-1,3
CTGACGTATCCGCCAC-1,3
CTGACTCCGAATCTGC-1,7
CTGACTCGAATTCGTG-1,1
CTGACTGATTAGGCTG-1,2
CTGACTGGTATGATAA-1,1
CTGACTGGTCTACCTT-1,1
CTGACTGTGGCCGGTT-1,2
CTGAGGTTCAGGCCAA-1,1
CTGATCCAACGCACAA-1,6
CTGATGCCAATGCTTC-1,2
CTGATTAACAGCGGCC-1,1
CTGATTAACGCAAGAA-1,5
CTGATTACAATGTCCA-1,5
CTGATTAGGTGCCGAA-1,2
CTGATTATCAATAGAC-1,5
CTGCATAATGGACCGC-1,2
CTGCATTGAGCACGGA-1,1
CTGCATTGAGGAGCCG-1,10
CTGCCACGTGTTAATA-1,7
CTGCCGATTGCGATGT-1,10
CTGCCGCTTCGGCTGC-1,1
CTGCCGTGAAGTCGCA-1,6
CTGCCTAGTGAATAAG-1,4
CTGCCTATACATCCAT-1,9
CTGCCTCCAACACCAG-1,2
CTGCCTGACACGGATT-1,8
CTGCCTGTGAGCCAGG-1,5
CTGCGGAAGCAGGCAC-1,1
CTGCGGCATGTAAGTA-1,3
CTGCTCATTAGAGTGC-1,3
CTGGAACAATAGACAG-1,3
CTGGAAGGCAACCGGA-1,5
CTGGAAGTCTAAGCTC-1,2
CTGGAATAGGAATTAG-1,1
CTGGAATAGTGCAAGT-1,2
CTGGAATGGATAGTTC-1,3
CTGGAATGGATCAGCA-1,1
CTGGCCTTGCATTCGG-1,4
CTGGCGCACTTACTGA-1,5
CTGGCGCATATCCGTG-1,2
CTGGCGGACAACGCAC-1,1
CTGGCTGGACGCTTGG-1,1
CTGGTACTCGAAGTGG-1,5
CTGGTGAGGTCTCGTC-1,4
CTGGTGATCCTGAAGG-1,4
CTGGTGATCGCCGTAG-1,10
CTGGTGCACCATACCA-1,8
CTGGTGCGAGAAGCTT-1,2
CTGGTGCGTTCACGAG-1,2
CTGGTGCTACAGTATT-1,1
CTGGTGCTTATGACCA-1,3
CTGGTGGCCAATAAGT-1,5
CTGGTGGCCTTCCGAC-1,4
CTGGTTGCGTTAATTG-1,1
CTGGTTGGACATCACC-1,2
CTGGTTGGCTTGTTAC-1,6
CTGTATCGAAGTGGAT-1,2
CTGTATCTTCGCCATA-1,9
CTGTATGGCTCAACAT-1,8
CTGTCACTATGTGCAT-1,3
CTGTCACTCGGCCTTA-1,9
CTGTCAGATCGATGCG-1,7
CTGTCAGGCTTCCTAA-1,4
CTGTCAGGTGGATCGT-1,2
CTGTCTATCCACATCT-1,4
CTGTGCAACATTGAGG-1,6
CTGTGGCTTGTCAGCT-1,4
CTGTGGTAAGCTAATA-1,4
CTGTTATGGCCAGCGG-1,10
CTGTTCCAGAAGCTGA-1,3
CTGTTCGTATGCACCA-1,3
CTGTTCTGCTCAGGAC-1,5
CTGTTGCTACTCACAG-1,7
CTGTTGGATCAACGCA-1,2
CTTAATACGGCTAGCA-1,4
CTTACGAACTCCGTCC-1,3
CTTACGCAACTCAACG-1,5
CTTACGCAGAGGCTCG-1,8
CTTACGCCATGCACAG-1,4
CTTACGGTAAGCCGAA-1,9
CTTACGTCATCCTTAT-1,3
CTTAGCAACTAGGACC-1,1
CTTAGCAAGGACAGCC-1,6
CTTAGCACGACAGAAC-1,4
CTTAGCCTAATGGTAA-1,6
CTTAGCCTGTAAGACA-1,2
CTTAGCGTAGCGTGCG-1,1
CTTAGCTACGCAAGGT-1,9
CTTAGCTATCCTTGCG-1,4
CTTAGCTTAGTTCTCG-1,5
CTTAGCTTCGCTGACC-1,8
CTTAGTAAGCGTGGCA-1,8
CTTAGTAATGCAACGA-1,1
CTTAGTCCTCATAAGT-1,1
CTTAGTCTATCGAGAC-1,6
CTTAGTCTCGACAACT-1,5
CTTAGTCTGTGCATCC-1,10
CTTAGTCTTATTCGGA-1,4
CTTAGTCTTCGATGTC-1,1
CTTAGTGCGACCTATT-1,4
CTTAGTGCGTTGACGC-1,5
CTTAGTGGCTAAGACG-1,5
CTTAGTGGTACACGAC-1,5
CTTAGTTCACCGCCAG-1,2
CTTAGTTGCTCGTTGT-1,3
CTTAGTTGGAGCGACC-1,1
CTTATTCACTAGCTGG-1,4
CTTCAAGTCGACCTTC-1,3
CTTCACAAGTTCCTCA-1,7
CTTCATGCCTAGACGG-1,4
CTTCATTGGATACCAC-1,10
CTTCCAATTGAAGATT-1,10
CTTCCACGATCCTGTA-1,3
CTTCCACGCCTTCCTG-1,1
CTTCCGACGCACAACC-1,5
CTTCCGAGACATTGAT-1,4
CTTCCGTCGCTGCATC-1,2
CTTCCTAGCCGATTGG-1,6
CTTCCTGGTGTTGGAC-1,7
CTTCGACCAAGCCGAG-1,2
CTTCGACTCCAGACTG-1,4
CTTCGAGCTGCAGCCT-1,6
CTTCGAGTGATGGAAT-1,4
CTTCGATAACATTGGT-1,6
CTTCGATACTCCGACC-1,9
CTTCGATATGTAGGAG-1,5
CTTCGATGGACGTACC-1,2
CTTCGCACCTGGCGGA-1,9
CTTCGCCGCAACATTA-1,6
CTTCGGCTCACTACCT-1,4
CTTCGTATTAATACGG-1,4
CTTCGTCAAGACTCGT-1,4
CTTCGTCACCAAGAGG-1,6
CTTCTACTCAAGTCGT-1,2
CTTCTGAGCCAGGAAC-1,5
CTTCTGAGGTCGCATA-1,1
CTTCTGTACGGACATC-1,8
CTTGAACCGAGTTAAT-1,1
CTTGAACTTAGAGGAA-1,8
CTTGAGCCTTGTTCCA-1,4
CTTGATGCAATCACAA-1,2
CTTGCCGGAAGACGCA-1,2
CTTGCGTAACAGCAGT-1,1
CTTGGAACTCCACGCC-1,6
CTTGGACAGGTTAGAA-1,4
CTTGGACATTACAGGA-1,3
CTTGGACTTGTCTGTC-1,6
CTTGGAGGCCACCTGC-1,5
CTTGGATCAACCGTAT-1,6
CTTGGTTAGAGTCATC-1,3
CTTGTAAGCGCTTCAT-1,7
CTTGTATCGTATGATT-1,9
CTTGTCAAGGCGTCAA-1,4
GAACAAGGTCGAGCAA-1,4
GAACAGATAACCTTAA-1,3
GAACAGATCCGCTAGA-1,8
GAACAGCCATGTTGCA-1,9
GAACATTCGACACGTA-1,10
GAACCGAACGAAGACT-1,4
GAACGCCACGGTGGTT-1,3
GAACGCCAGTGCATAC-1,4
GAACGCTAGAAGGCTA-1,6
GAACGCTTAGAACGTC-1,4
GAACTAACTCTACGTG-1,2
GAACTACAAGTAGGAG-1,1
GAACTACCTTATCATA-1,2
GAACTATCGTCTCGTC-1,4
GAACTCATAGTGAGTG-1,3
GAACTCCTCATACATA-1,4
GAACTCCTGGAGGCTC-1,4
GAACTGTAACTCAGGC-1,5
GAACTTGGTGAGGATA-1,2
GAAGCGATTGCCGAAT-1,1
GAAGCGGCTGATCAGT-1,3
GAAGCGTATCATCGTT-1,5
GAAGCGTCAGTAAGTC-1,6
GAAGCTGCCTCGTGAG-1,10
GAAGCTGTTCTACATC-1,4
GAAGCTTGACGCTTAA-1,3
GAAGGATGGTATACGT-1,4
GAAGTCCAATCGTGTT-1,3
GAAGTTCTGCAGTTCT-1,7
GAATAAGGAGAACTAA-1,5
GAATACAGACGAACTG-1,7
GAATACCTGCCACGGC-1,3
GAATACTAAGGCGAAT-1,1
GAATCAATTACCGACC-1,1
GAATCATAGTCTGAAG-1,3
GAATCATGAACCAGTG-1,3
GAATCATTATGAGCTG-1,1
GAATGACAACAGAATA-1,1
GAATGACAACTAGTCA-1,1
GAATGACACGACTAGG-1,3
GAATGACCACAATCGA-1,5
GAATGAGTATAGACCA-1,1
GAATGGCCAAGGAGGC-1,3
GAATGTATTGGATCAA-1,3
GAATGTGCCTAGCAGA-1,10
GACAACATCATGCCGC-1,8
GACAACCTAGGAGTCT-1,3
GACAACGGACTCAGCT-1,7
GACAACGGCGATGTTA-1,3
GACAACTTAACCAACC-1,7
GACAACTTGATTGTGA-1,1
GACAAGCCTCGTTAGT-1,6
GACAAGCTGAATCTGG-1,5
GACAAGGTGGTCCGGC-1,1
GACAATCTATTAGATT-1,10
GACAATGACAAGCTTA-1,4
GACAATTGTATGCTTC-1,8
GACAGCAACTCAGAAC-1,1
GACAGTCACTTCGCTC-1,9
GACATCAGATTCTTAC-1,4
GACATCCTCAACCTCG-1,2
GACATCCTTCATTATC-1,7
GACATCTGCGGTCTTG-1,1
GACATTATCTTAATCT-1,10
GACCAATTGCGTCAGA-1,2
GACCACATTCTTGAAT-1,2
GACCACGGCGTACATA-1,8
GACCACTCCTGACGTT-1,2
GACCACTTACGGACAT-1,4
GACCACTTAGACAGGT-1,2
GACCGAAGACTGGCAG-1,2
GACCGAATCTAATACG-1,2
GACCGACAATAGGAAT-1,5
GACCGGCCATGTACCG-1,5
GACCGTATTAGACCGG-1,3
GACCTGCTGTACGAAG-1,8
GACCTGTCGATTGCAG-1,5
GACGAGAAGTTACAGA-1,3
GACGAGCTGCACTCGT-1,8
GACGAGTGCTGGAGAT-1,1
GACGCAGCGTCAAGTT-1,2
GACGCCGAACTTCCGT-1,7
GACGCCTCGTCAGAGG-1,8
GACGCCTCTTGATTGT-1,1
GACGCTCACCAACCGG-1,4
GACGCTGTACAAGGCG-1,5
GACGGCTTAGGTGCGA-1,5
GACGGTACCTGGCCGT-1,8
GACGGTGGTTGATGTC-1,8
GACGTACAGGAACGCT-1,4
GACGTACTGCGTGCGG-1,1
GACGTCTTATCTCAGC-1,9
GACGTGGTGCTCCAGA-1,2
GACTACGAGTTCCATT-1,5
GACTACGCCTATAGCC-1,7
GACTAGATTAGCTAAC-1,5
GACTAGTAATCTTGCT-1,6
GACTCGGCTTGCGGAT-1,6
GACTGACAGGAACCAG-1,1
GACTGCCATAGAATAC-1,1
GACTGCGGTCTGCGTG-1,5
GACTTCATACCGCTGT-1,5
GACTTGAACGTCCGTA-1,3
GACTTGCTTCTAGGAG-1,3
GACTTGTCGTTCCGGC-1,9
GAGCCAAGCGATCGTA-1,3
GAGCCAAGCGCCTCAC-1,3
GAGCCACTTATGCATT-1,6
GAGCCAGCTTACGGTA-1,2
GAGCCAGGTGTCAGTT-1,6
GAGCCAGTATTGTCAA-1,7
GAGCCTCACGTATGTA-1,2
GAGCCTCCAGTACCGA-1,4
GAGCGAATCGGTAGAA-1,4
GAGCGATACTCCAGGC-1,1
GAGCGGCAATGGAATA-1,4
GAGCTAACCTACTTAC-1,5
GAGCTAAGGTTGCGTT-1,1
GAGCTACAAGATCAAG-1,3
GAGCTACAGCTCGGTA-1,7
GAGCTTGATGGAAGCT-1,6
GAGGAAGCCGATGTGA-1,4
GAGGAAGGACAATGAA-1,4
GAGGAAGGCAACGGCG-1,3
GAGGACAGATCGCCTA-1,8
GAGGACGAGTCCTAGT-1,1
GAGGATCCAGAACTGG-1,5
GAGGATGATAGGAAGG-1,5
GAGGCCACAAGGTGCA-1,10
GAGGCCACTTCTAGAT-1,1
GAGGCCAGCAGAGGTT-1,3
GAGGCCATGGCTCGGA-1,1
GAGGCGCTCCATTCCT-1,10
GAGGTAACATTCGATC-1,5
GAGGTAACTAGACAGT-1,2
GAGGTAACTGCGAGAC-1,4
GAGGTATTAATAGCGG-1,6
GAGGTCACTGTAAGCT-1,5
GAGGTCCAAGTAGCTA-1,4
GAGGTGAGATCATTGG-1,2
GAGGTGAGGATTCATT-1,5
GAGGTGCATTCGGATC-1,3
GAGGTGCGGCTGACCA-1,7
GAGGTGGCTCGAGGTT-1,3
GAGGTGTAGCAACTCA-1,10
GAGTAACGTGGCTTGA-1,3
GAGTAGACGCAGGCTC-1,4
GAGTAGATACGTCAAC-1,2
GAGTAGATTATGGTTC-1,6
GAGTAGGATGGTAGTC-1,5
GAGTCACCGTCCTCCA-1,6
GAGTCCACGCCTGAAG-1,2
GAGTCCACTCATAACA-1,3
GAGTCCTCTAGCGACA-1,4
GAGTCCTGTTACATCT-1,1
GAGTCGAGCGTGCTTC-1,5
GAGTCTCGAGATAGTC-1,4
GAGTCTGACTATAGAA-1,5
GAGTGCAGCGTCATCG-1,3
GAGTGCCGCATTAGGC-1,6
GAGTGCGGATACAGTC-1,6
GAGTGCGTACTGTAAC-1,4
GAGTGGAGCAAGCGCA-1,2
GAGTTAATCTCGTTAT-1,5
GAGTTACTCAATGGAA-1,4
GAGTTAGCAGTAGATG-1,2
GAGTTCTATCGTGCCT-1,6
GAGTTGGTATTAATAG-1,4
GATAAGCACGTGCGTA-1,6
GATAAGTTGGCGATTA-1,2
GATAATCAGCTATTGT-1,4
GATACCTCGCGACTGC-1,5
GATACTTCACTCAGCA-1,3
GATAGAGTCTGAATCG-1,7
GATAGAGTGATAAGCT-1,2
GATAGATATGGTTCCG-1,1
GATAGATGTTGAAGAT-1,2
GATAGTGACACTCCAA-1,5
GATATCCATATGAGGC-1,1
GATATCTTGTGACACG-1,8
GATATGCTCACGTTAC-1,3
GATCACGGCGTCTGGA-1,2
GATCACTTAACGGATT-1,6
GATCATCGGTGCGTTC-1,5
GATCCACCGCGTGCAA-1,3
GATCCACCTTACCTTG-1,6
GATCCATAGGATGTAA-1,6
GATCCGGACATACACC-1,4
GATCGCGGAGTCTAAT-1,6
GATCGGAGATACGCAG-1,6
GATCGTAACATTAATA-1,2
GATCGTAAGAGTCGCA-1,4
GATCGTCATGCGGAGG-1,3
GATCGTGGCCACAACC-1,3
GATCGTTGTATCTACT-1,7
GATCTATGAAGATGCG-1,3
GATCTTGTCATGATCT-1,3
GATGACTCTGAATCTT-1,3
GATGAGTGAACGGCTG-1,7
GATGCCACATTATCAC-1,7
GATGCCAGACATAATG-1,4
GATGCCATCTATAACC-1,6
GATGCCGACAGATATT-1,4
GATGCCTAGAGTCTGT-1,3
GATGCGGTCCAGCTTA-1,9
GATGGACCTGGACGGA-1,4
GATGGACGGCAGATGA-1,7
GATGGATCGTGGAGGT-1,7
GATGTAGCGAGGTCCA-1,5
GATGTAGGAGTTGGCC-1,1
GATGTTCTATAGGATA-1,5
GATTATGTGACATGAT-1,8
GATTCCATACTGAACC-1,3
GATTCCATTGAGTTGA-1,3
GATTCCGCTATCGGCT-1,3
GATTCCGCTGCAAGAT-1,7
GATTCCGTCTAACGTT-1,1
GATTCCGTGCGTATAC-1,3
GATTCCTGCAGATCGT-1,2
GATTCGCCATGTATCA-1,8
GATTGACTCCATGCGA-1,2
GATTGTCGCAACGAGG-1,1
GCAACAGCCTGCTCTA-1,1
GCAACAGGCCATTGAC-1,5
GCAACATACATCAGCA-1,1
GCAACATCAGTCAAGT-1,4
GCAAGAATGTTCCACC-1,1
GCAAGAGTCGGTGGAC-1,1
GCAAGATAGGTTAACT-1,9
GCAAGCACTACCGCCA-1,1
GCAAGCTTATTGACGT-1,2
GCAATACATGAGGACA-1,4
GCAATCCTCGAGCGTT-1,8
GCAATCGTGACTCCAA-1,4
GCAATTAATCAACGTA-1,1
GCAATTCCTATCATAC-1,8
GCAATTCTGTGACAGA-1,4
GCACAGCAGTCTGTAA-1,6
GCACAGCTGTGGTTGA-1,2
GCACAGGCTCTACCAT-1,1
GCACATCGTCTGCGGA-1,6
GCACCGAAGATGTCTA-1,2
GCACCTAGCCGAATCT-1,5
GCACCTTACTGGCTAC-1,9
GCACCTTAGCCTCGCA-1,6
GCACCTTCGCGGTAGA-1,5
GCACGAGCAGTACCGA-1,1
GCACGAGCTATTGTCG-1,3
GCACGCAACCATACCA-1,4
GCACGCATAGATTGCT-1,3
GCACGCATAGGCGATC-1,3
GCACGCGTGACATCAG-1,1
GCACGGAAGGATAGTA-1,4
GCACTACACTATTGCG-1,3
GCACTCCGACTGGCGT-1,3
GCACTCTGTTGCCATA-1,2
GCACTCTTGCTACCGA-1,3
GCACTGAATATGACAG-1,2
GCACTGCCTCGATGCG-1,8
GCACTGGACGCAGCAC-1,7
GCACTGTTGCGGCCTT-1,4
GCAGACGCCTGGTTAT-1,8
GCAGATACGTTGAACG-1,3
GCAGATAGTTGGAGAC-1,1
GCAGATCCTAATGTGG-1,5
GCAGCCGGATGCCGCA-1,2
GCAGCGACAGTTCGGT-1,1
GCAGCGATCTAACGAA-1,4
GCAGGCAGTGATCTAC-1,8
GCAGGCCAACATCGCT-1,6
GCAGGCCATTCCTGCC-1,9
GCAGGCTACCGTCCTT-1,1
GCAGGCTGGTTCCAAG-1,4
GCAGGTCACTACCTCA-1,2
GCAGGTGCTGATGCTT-1,5
GCAGTACTCAACGAAG-1,9
GCAGTAGATGTCCAAT-1,1
GCAGTTCGGCATTAGC-1,5
GCATAACCGAGGTGAT-1,8
GCATACTAGCATCGAA-1,7
GCATGACGGATTATCA-1,6
GCATGCTGAGACAGGT-1,1
GCATGTCGAGTGTCTT-1,2
GCATTACCTGTCAAGA-1,5
GCATTGACTACAGCGA-1,6
GCATTGCTGTTCCATC-1,1
GCATTGGTTACCAAGC-1,5
GCCACGAAGGAATTCC-1,4
GCCACGACCGTTAAGT-1,1
GCCACGCCTTAGTACG-1,1
GCCACTATAGACCATA-1,4
GCCACTCCGTCACCTC-1,1
GCCAGACAGACGCCTA-1,5
GCCAGACATCTATCAC-1,2
GCCAGTAGACGATACC-1,3
GCCAGTGCTCTACACT-1,1
GCCAGTTAATTCTTGC-1,4
GCCAGTTCCTCGTGCC-1,2
GCCATTCTCGTGTAGA-1,7
GCCATTCTTGCAACCA-1,5
GCCATTGAGTGCTGCG-1,6
GCCATTGATACTCAAG-1,4
GCCATTGCATGTTAAC-1,3
GCCATTGTAACTGATC-1,9
GCCATTGTAATGTCTT-1,8
GCCGAGTCCTCGTCCA-1,2
GCCGATCGAGTGAAGT-1,7
GCCGATCTCGTGACTC-1,5
GCCGCACTTCGTCTAT-1,5
GCCGCTGATTGGCCAG-1,2
GCCGCTTCTAAGGTGA-1,4
GCCGGCGAACCATTGT-1,3
GCCGGCGTAGGTGACG-1,1
GCCGGCGTGAACTTGC-1,9
GCCGGTATGCTCATGC-1,9
GCCGTACCAGATCTAG-1,10
GCCGTATGCCAGTCTT-1,1
GCCTATAGCATACCTT-1,5
GCCTCATGCGAGCAGG-1,8
GCCTCCAACAGTAGCC-1,3
GCCTCCGTCTACCTCG-1,8
GCCTCCTGCGGCCGTT-1,7
GCCTGGAACGTCTGCT-1,5
GCCTGGACCTATTGTC-1,10
GCCTGGAGCAAGTTAG-1,7
GCCTGGTAAGGCGACT-1,6
GCCTGGTACATGGTCG-1,3
GCCTGGTCAGGTTGCC-1,1
GCCTGTGAAGTCGGCG-1,4
GCCTGTGACACCAGAA-1,5
GCCTTAATTGACGGAT-1,1
GCCTTCGATCAGGTCG-1,9
GCCTTCGCTTATGTTC-1,8
GCCTTCTGATTCCGTC-1,2
GCCTTCTGTCACGCTC-1,1
GCCTTGAGATCTGAGC-1,3
GCCTTGCCACTTCTGA-1,3
GCCTTGCCTAGTCGAT-1,4
GCCTTGGCGAACAATC-1,9
GCGAATAGTGGCTAAT-1,7
GCGAATCGAGAACACG-1,4
GCGAATGCAGTGTCAA-1,2
GCGAATTGGCTAGCCA-1,4
GCGACACTAAGCTAAG-1,9
GCGACAGTGCCGCACC-1,9
GCGAGCGGACCATAAC-1,2
GCGAGCGGTTGTCATG-1,5
GCGAGGATCGACCTTA-1,7
GCGAGGTGCTACCTCG-1,2
GCGATCTTGCTCACGC-1,7
GCGATGACCGTGTAAT-1,4
GCGATGCCTCTAAGTC-1,1
GCGATGGAGCTACATT-1,4
GCGATGTACTGCTATT-1,9
GCGATTCTAACAGTAA-1,1
GCGGAGCCTGTAACAT-1,3
GCGGCAAGTGTTATGT-1,3
GCGGTCCATCACGGCA-1,6
GCGGTCCGCTGTCTCA-1,6
GCGGTCCTGTAGTCTG-1,9
GCGGTCGGCGTACCTT-1,1
GCGGTCGTTGATCTTG-1,9
GCGGTGGACATCAATC-1,3
GCGGTGGCCGACGCAT-1,3
GCGGTTCTGTGGACGT-1,1
GCGGTTGCCTCGACGG-1,1
GCGTAACGTTACAGGT-1,4
GCGTAATTCTTGCCTT-1,5
GCGTACCGGAACGACA-1,1
GCGTACCGGATGGCTC-1,3
GCGTACCGTGTATCAG-1,5
GCGTACGAATCTAATC-1,8
GCGTCCAGCAATTGGC-1,4
GCGTCCTCTGCCGTTG-1,3
GCGTCGGAATGCTGCC-1,1
GCGTCGGTCACGCCAG-1,5
GCGTCTCGCAACTCAT-1,3
GCGTTAATAGTCAGTA-1,5
GCGTTCGAGGCCACAA-1,2
GCGTTCGATCTTGGCC-1,3
GCGTTGTATCGGAGCT-1,3
GCTAACCATAGGCGTT-1,6
GCTACCATCCTGTAGA-1,5
GCTACTTCTGACGCGA-1,2
GCTATGCGTGAACGGT-1,10
GCTCAACCACGGCAAC-1,5
GCTCATACAATTAGAC-1,1
GCTCATTGGTTCAACA-1,9
GCTCCGAGACTACATA-1,2
GCTCCGGCAACATGAT-1,1
GCTCCTATGTCTTCGC-1,1
GCTCGATCGCAGCCAC-1,4
GCTCGATGCTCGCATG-1,5
GCTCGCATCGTCATTA-1,9
GCTCGGACCTTCAAGT-1,5
GCTCGGAGATGAATGT-1,1
GCTCGTCTGCCGCAAT-1,8
GCTGAATGACCGTGAG-1,4
GCTGACAGCCGGAGCG-1,2
GCTGACCACGTCTTGG-1,5
GCTGACCGCATCGGAT-1,10
GCTGACTTGTCTCAAT-1,7
GCTGAGGACAAGAAGT-1,3
GCTGAGTGTTCAACCG-1,8
GCTGCCGCCTATGTAG-1,5
GCTGCGTTATGTGGAC-1,4
GCTGGATGACTCTACC-1,5
GCTGTAGTGCTGTCGC-1,5
GCTGTCGCGATGGTAG-1,7
GCTGTCTAATTGGCAA-1,6
GCTGTTATGGTTGCCG-1,1
GCTGTTCAACCGAATA-1,1
GCTGTTCATCAGCGTC-1,4
GCTGTTGATAGTCTTA-1,7
GCTTAATAGAGGCGAG-1,1
GCTTACAGATGTGCAC-1,9
GCTTACCTCGTGCTAT-1,4
GCTTACGCAATACTAG-1,1
GCTTAGACTACCAATG-1,5
GCTTATCCGCATTCTT-1,2
GCTTCGATTGCGGTGC-1,9
GCTTCGCTCAAGCGAT-1,4
GCTTCGGCATCAGAGT-1,6
GCTTCTAAGTCTGACG-1,5
GCTTCTAGCCGAACAG-1,9
GCTTCTAGCGTTCATT-1,5
GCTTCTCCAGAACCGC-1,2
GCTTCTGAACCGCTAT-1,1
GCTTCTGTATCGACGC-1,4
GCTTCTGTTACGAGAA-1,7
GCTTCTTGAATCGGTT-1,1
GCTTCTTGGACGAGCG-1,1
GCTTGACCTCCGCTTC-1,2
GCTTGAGCTCTTGACA-1,7
GCTTGCAATACAAGGC-1,1
GCTTGCCATAGTGGAT-1,4
GCTTGCTTACTTAACG-1,5
GCTTGGATCCAACCGG-1,4
GCTTGGATGCTCGCTT-1,5
GCTTGGCACTCCGTCT-1,9
GCTTGGCAGCGGATCA-1,6
GCTTGGCTGCGGTAAC-1,6
GCTTGGTCAACCGTGG-1,8
GCTTGGTGTTCGAACA-1,3
GGAACAGGTGATCTCC-1,6
GGAACATCGTGGAATC-1,8
GGAACGATAACATTAT-1,1
GGAACTTCGACATGTC-1,10
GGAAGAATAACTAACC-1,2
GGAAGCAGTCATTCAG-1,4
GGAAGCATTAGAGGCA-1,2
GGAAGCTATGGCACAG-1,9
GGAAGTCTTGTCGCAT-1,3
GGAATCCTTAGACTGT-1,3
GGAATGCACCTCAATA-1,5
GGAATGCGCCGACAGG-1,7
GGAATGGCAACTTGGA-1,6
GGAATGTCTTGTGCAC-1,6
GGACAGTGCGGCAACA-1,1
GGACCACTTATCGTTC-1,2
GGACCAGATAGGATGT-1,1
GGACCATCACCGCCAA-1,10
GGACCGATCTGGATTA-1,7
GGACCGCTTCCTGGCA-1,5
GGACGAGTCTGTTCAC-1,6
GGACGGCTATCGACCA-1,3
GGACGGTATGCGGCTG-1,2
GGACGGTGCAGTAGGA-1,1
GGACGTACATACCAGA-1,4
GGACGTACTTCGGACA-1,2
GGACGTAGCCGCGTAA-1,6
GGACGTAGTGTAGAAG-1,1
GGACGTCGAACGGCTT-1,3
GGACGTCGAGGATTCA-1,2
GGACGTCGCACGAGAA-1,6
GGACGTTAGATATTAC-1,8
GGACGTTAGATTCAGG-1,4
GGACGTTGGAGGTGAT-1,4
GGACTCACGGTCCAAT-1,2
GGACTCACTAGAGCCG-1,10
GGAGAAGCCAAGCGCT-1,4
GGAGACATGACCTAGG-1,1
GGAGACTATTGTGACA-1,1
GGAGATCCGTAGGATA-1,4
GGAGATCCTGTACCAG-1,5
GGAGATGCGTGCAGTA-1,6
GGAGATGGCTCGAGAT-1,3
GGAGATGTGCCATAAC-1,1
GGAGCGAATTGGACGG-1,3
GGAGCGAGTGTAACTT-1,2
GGAGCGGCACCTCGTA-1,7
GGAGGTCGTAGGAGCT-1,4
GGAGTCCAGATAGCTT-1,7
GGAGTCTAAGGCCGCT-1,2
GGAGTCTAAGTGGTCC-1,6
GGAGTGTCCATGTATT-1,5
GGATAAGTCAGGATAG-1,2
GGATAATTATGCTGGT-1,3
GGATAATTCAATGCTG-1,4
GGATCGAGTGTCCACT-1,9
GGATCGCTGGCATATT-1,4
GGATCGGACGTCTTGT-1,5
GGATCTTCTAAGCGAA-1,9
GGATGGATCACTCATA-1,8
GGATTCCGACGTGATG-1,4
GGATTCGATGTCCGGA-1,2
GGCAAGACAATCAGCT-1,7
GGCAATGCGAACTTAA-1,1
GGCACGACGGACGTCG-1,2
GGCAGCCGGCACTTCC-1,10
GGCAGCGTATACGACT-1,2
GGCAGCTCCTGGACGG-1,2
GGCAGGAAGTCTTCTA-1,3
GGCATAATCCTATCGC-1,1
GGCATAATCCTTCATG-1,4
GGCATACATGGCTCAG-1,3
GGCATCGAACCTCATA-1,6
GGCATTCCGATGCTCG-1,2
GGCATTGCTAAGAATG-1,3
GGCCAAGATGGATGGC-1,5
GGCCAATAACGCTACA-1,2
GGCCAGTAGGTATGAG-1,10
GGCCATGCGTCTGTCG-1,5
GGCCATGCTCCTCGTG-1,4
GGCCATTAGCTAGTGG-1,4
GGCCGGCGGTCTGTTA-1,7
GGCCGGCTTCGTCAAC-1,6
GGCCTGCGTTATGCCG-1,4
GGCCTTCGACCAGGTA-1,3
GGCCTTGGATGTTGTC-1,3
GGCGACCATAGCGTTA-1,2
GGCGACCTATCTGGCG-1,2
GGCGAGGCAGCCTACT-1,3
GGCGATCGGTCTGCTC-1,4
GGCGCCAAGGAGCGCT-1,4
GGCGCCACCGGAGCAA-1,2
GGCGCCACTGAACATC-1,9
GGCGCCGTCGGACATA-1,2
GGCGCCGTGGTTACAT-1,1
GGCGCTAATATGCTCC-1,3
GGCGCTTCACCAGCGA-1,6
GGCGGAAGTCTTGTAG-1,9
GGCGGAGCACTGATAA-1,1
GGCGGAGTTGAACTAT-1,10
GGCGGATACAACGCAC-1,2
GGCGGATATTGATTGA-1,4
GGCGTCGCCGTATGAT-1,7
GGCGTGAACTCAACGG-1,3
GGCGTGCGCTAGATTA-1,1
GGCGTGGCACGGCACT-1,5
GGCGTGTAATTACTTA-1,9
GGCTAATGTCTAGCGT-1,6
GGCTCAATCAACATGA-1,2
GGCTGACGCCGAATCA-1,7
GGCTGCTAACTTCGCT-1,5
GGCTGCTCCATAGCTG-1,2
GGCTGTGGAATAGCGT-1,3
GGCTGTTCAATGTCAA-1,8
GGCTTGCCATAGGCTC-1,5
GGTAAGGCGACGATGA-1,6
GGTACCACCTATACCT-1,1
GGTACCAGGTAGTGTT-1,1
GGTACGATCGACTTAA-1,3
GGTACGCTTACCTGCG-1,4
GGTACGGAGCATCAGC-1,5
GGTACGGTATGCTCCA-1,3
GGTACGTGCTCGGCAA-1,1
GGTAGCCATCAATCCG-1,1
GGTAGCTTAGCCAATC-1,4
GGTAGGCCACATGCAA-1,1
GGTAGGTCTGGCTAAC-1,9
GGTAGGTTGTTCTAAG-1,2
GGTAGTACAGGTTAGA-1,8
GGTAGTACCGCAACAG-1,1
GGTAGTGCATGAAGTG-1,4
GGTAGTTGAAGTCCAT-1,1
GGTATGCAACAGTGGC-1,4
GGTCACCGCATAACAA-1,1
GGTCATGCTCTGCCAA-1,5
GGTCCGGACGAGTGAA-1,6
GGTCCTGCGAGTAGGT-1,10
GGTCTACAGGCTACAA-1,6
GGTCTGAAGGTTCGAA-1,2
GGTCTGAAGTATGTCA-1,6
GGTCTGAGATCCGCCA-1,7
GGTCTGCGAACTGTAT-1,4
GGTCTGGTTGTAGAAC-1,3
GGTCTGTATCTTGTCG-1,4
GGTCTGTTCACTAATC-1,5
GGTCTTATAGGCTGGC-1,5
GGTCTTCCGCACATCC-1,3
GGTCTTCCGGCTGGAC-1,1
GGTCTTGAACCGGCCA-1,3
GGTCTTGATAACGTCA-1,9
GGTCTTGATTCAACCT-1,1
GGTGATGGTACAATGG-1,9
GGTGCAACCATGAGGA-1,3
GGTGCAATCAGACTTC-1,6
GGTGCACTCCGGTTCG-1,4
GGTGCAGGCACCGCGT-1,3
GGTGCAGTGGTCTTAT-1,4
GGTGCAGTTCCATATG-1,2
GGTGCATCCAGAACGG-1,10
GGTGCATGATACGGAT-1,1
GGTGCGTGGAGTTGGT-1,6
GGTGGCTTATTGCGTG-1,2
GGTGTATGTTCCGATC-1,3
GGTGTCAAGCTGCACC-1,9
GGTGTCACCAGCGAAC-1,5
GGTGTCATACTATTAG-1,5
GGTTACAGCCGGCCGG-1,5
GGTTACCAGACAACAT-1,2
GGTTACGGACGATTAA-1,1
GGTTAGACTCACTAGC-1,3
GGTTAGACTCGGAGGT-1,4
GGTTAGATGAGTCTAA-1,5
GGTTAGATGCCGTTGC-1,6
GGTTAGCTTCATGAGT-1,1
GGTTAGTATGAGTGTC-1,2
GGTTAGTCGGCAGCGA-1,5
GGTTAGTGCTCCTACT-1,6
GGTTCAAGGTTAAGCC-1,3
GGTTCACCGACTCACG-1,4
GGTTCATTCCGGCCTC-1,6
GGTTCTATACCGCTTG-1,8
GGTTCTATCATATGGC-1,1
GGTTCTCCTATCAGTT-1,1
GGTTCTCGTGATGTGA-1,5
GGTTCTGGAGTCTACC-1,1
GGTTGACCATTGCTGT-1,4
GGTTGATAAGTACCTG-1,5
GGTTGCGATTGAACAG-1,4
GGTTGCTACCGGAACA-1,7
GTAACACCGAGCGTTA-1,2
GTAACACTGTACCACG-1,9
GTAACATAAGACCGTA-1,6
GTAACATACACCTGTT-1,7
GTAACATCTTATAATG-1,7
GTAACCACCTACAACC-1,2
GTAACCTAGCGTCACG-1,4
GTAACGGCAGCCTACA-1,1
GTAAGTATTGCTATCG-1,10
GTAAGTTGCGGAGCGT-1,2
GTAAGTTGCTGGTGGA-1,4
GTAATCACGCACAGCT-1,7
GTAATCAGGCGGACGG-1,1
GTAATCTTGTCTAGTT-1,7
GTAATGACGGTCTACG-1,4
GTAATGATCACGTAAG-1,4
GTACAACTCGGCAGAA-1,1
GTACAGAACAGGACTC-1,4
GTACAGAACCGATTAT-1,1
GTACAGATGACATCGC-1,1
GTACAGCCGTTACAGA-1,1
GTACAGCTGAGCCGGA-1,5
GTACAGCTGTTGTCCT-1,1
GTACAGGAACGAATGG-1,1
GTACAGTATCGGAATT-1,5
GTACATAAGCTACGCC-1,2
GTACCTCCTGATTCTT-1,6
GTACCTGAAGTGAATG-1,1
GTACCTTCATGTGCAA-1,4
GTACGAAGATTATCCG-1,3
GTACGAAGGATTATTG-1,5
GTACGAAGGCGTCTAT-1,5
GTACGAATTACATAAT-1,1
GTACGAATTCTACCAA-1,10
GTACGACAGCTCCGGA-1,3
GTACGAGGTAGTGCAC-1,4
GTACGATTAGTCTACA-1,6
GTACGATTGCGATGGC-1,1
GTACGCCTCGCTTCCA-1,4
GTACGCTCGCCAACAT-1,8
GTACGCTTGATACCAC-1,1
GTACGGTTAATGCAGG-1,5
GTACTACCGTTAGGTG-1,7
GTACTGCATAAGGTTA-1,4
GTACTTAACTTCAGCG-1,1
GTACTTACTTCATACC-1,4
GTACTTAGTTGCGAAT-1,4
GTACTTCCATCTGGCA-1,7
GTACTTCTGATCCTCG-1,9
GTACTTGGTTCGCTTA-1,7
GTAGAAGGACATCATA-1,5
GTAGAAGTAAGCTGCG-1,1
GTAGAATCGCACATCG-1,1
GTAGACCAGAATACTC-1,1
GTAGACCTGTCAACCA-1,5
GTAGACGTGCATGTGC-1,1
GTAGCAACGACCGTGG-1,5
GTAGCAGAACATGGTG-1,8
GTAGCAGAAGACTCTT-1,1
GTAGCATAGTTACAGG-1,9
GTAGCATCGAAGGTCT-1,3
GTAGCCAGTGCGGTTG-1,2
GTAGCCGCACTCCATC-1,2
GTAGCGCCTGAACTCA-1,5
GTAGCGCTAGATCCGT-1,3
GTAGCGCTCATCAGGT-1,3
GTAGCGTGTAGCATGT-1,6
GTAGGAGCAACAGGCA-1,8
GTAGGTGATAATTCAC-1,7
GTAGTCCAGCGGACAT-1,1
GTAGTCCATTGTTCGT-1,3
GTAGTCCGTGTACTAA-1,4
GTAGTGACATTACGAC-1,3
GTAGTTGTTCATGTAG-1,7
GTATAACTTGTTGCGA-1,3
GTATAAGGCGTCTTCA-1,1
GTATACATAGGTTGCC-1,1
GTATACGATACCTTGT-1,2
GTATCTACAGATCTCC-1,5
GTATCTAGCTACCAGC-1,8
GTATCTGTCAACGGTG-1,9
GTATGACATAAGACGG-1,4
GTATGATAGTATGGAT-1,1
GTATGATCACTTGACG-1,2
GTATGCCTATCTTGCG-1,2
GTATGCCTTACTCCAC-1,7
GTATGCGGTATCATGA-1,5
GTATGCTTGCGACTAA-1,2
GTATGGTGGAGCGGCC-1,2
GTATGTAGCAGGCATA-1,3
GTATGTAGCTCACCTT-1,7
GTATGTAGGCTTAAGA-1,3
GTATGTGCAAGCCGGA-1,3
GTATGTTAGACTGCCT-1,3
GTATGTTAGTTCTACC-1,5
GTATGTTCTGGATCGC-1,4
GTATTAATGGTTGTGG-1,3
GTATTACGAGTCAATC-1,1
GTATTACGGCCATTAT-1,1
GTATTACGGTATTGAG-1,3
GTATTAGATTGAGGTC-1,10
GTATTAGGTTATCTGC-1,8
GTATTATGAGTTAGCG-1,4
GTATTCCAAGTTACCT-1,1
GTATTCGTGACTTGAT-1,5
GTCAACAGACGCACGT-1,2
GTCAACAGCATAGATT-1,1
GTCAACAGCGCACCGA-1,3
GTCAACAGTTAAGTGA-1,5
GTCAACATAAGATAGA-1,6
GTCAACATGGTGCTAT-1,3
GTCAACCTGACGATAG-1,5
GTCACCAAGAGCGGTG-1,2
GTCACCTGAGATTGGA-1,6
GTCACTAAGAGGAATA-1,8
GTCACTAAGCCAGCGG-1,6
GTCACTACTTAATGGA-1,2
GTCACTGAATCTCACC-1,2
GTCACTTATCCAAGAC-1,5
GTCACTTATGAATGCG-1,2
GTCACTTATGTCGTAT-1,5
GTCACTTCTGGAGCGG-1,7
GTCAGCCAACATCACG-1,8
GTCAGCCATTGTGCGG-1,2
GTCAGCCTAATTACGT-1,7
GTCAGCCTCCGAACCT-1,4
GTCAGCGATGTAATTG-1,5
GTCAGCGATTGATTCA-1,3
GTCAGCTCAATCAAGG-1,5
GTCAGCTGGTGAGGCG-1,1
GTCAGGACAAGCCATG-1,5
GTCAGGATCAACCAAC-1,9
GTCAGGTACGTGGCAT-1,4
GTCAGTAATCCAATTA-1,9
GTCAGTAGGTGACCGG-1,3
GTCAGTGAGGATCGTT-1,2
GTCAGTGCCAGAATAA-1,4
GTCAGTGCTGACAGCG-1,9
GTCAGTTCTGCCTGGA-1,6
GTCATCACGTGGTTCA-1,6
GTCATCACTATTGTGC-1,5
GTCATCAGTAGACCAG-1,4
GTCCAGCACGTTCAGA-1,9
GTCCATCTATACAAGG-1,3
GTCCGACAGCCGCATT-1,6
GTCCGTACGGATGCTC-1,3
GTCCTGCTTACGGCTG-1,8
GTCCTTCATCAGATCA-1,9
GTCCTTCATGGATTAG-1,6
GTCCTTCGGAACCTGC-1,3
GTCGAAGTCGTGTTCT-1,8
GTCGAGAACTAGACGA-1,1
GTCGAGTGCTCCTTCG-1,10
GTCGCAACGAGCTGAC-1,9
GTCGCACGCAGCCTGC-1,3
GTCGCAGATTACTGCA-1,2
GTCGCATGCGGTAGAT-1,7
GTCGCTAAGTGAGGTT-1,3
GTCGGCCGTTGTGAAT-1,3
GTCGGCCTCCGGCATC-1,9
GTCGTAGACTGACAAG-1,1
GTCGTGTTCATGTCAG-1,5
GTCTAAGATCGGACTA-1,8
GTCTAAGCGGCACGCC-1,2
GTCTAATACGGCTAAG-1,2
GTCTAATCGAATTGGA-1,6
GTCTAGCATGGTACGT-1,10
GTCTAGGACAGGATAA-1,3
GTCTAGTCTAGCGACG-1,3
GTCTATCAATGGATTA-1,8
GTCTATCAGTACTAAT-1,7
GTCTATCCAGGACGTC-1,1
GTCTATGGTGAAGAGC-1,1
GTCTATGTTAATAGAA-1,10
GTCTATTAAGCACTTA-1,1
GTCTATTAGTGAGGCC-1,1
GTCTATTGCGAGTTAC-1,4
GTCTCATGACTAGTTG-1,7
GTCTCGACTGACGAGT-1,2
GTCTGAACAAGGTTAG-1,5
GTCTGATAGATTATAA-1,9
GTCTGATATCTGAATT-1,9
GTCTGTGGATCTGACG-1,4
GTCTTCGATAGGTGTT-1,5
GTCTTCGGTAGCTACA-1,3
GTCTTGAACAATTACA-1,2
GTCTTGAAGATTCATG-1,1
GTCTTGACAATAGCAA-1,2
GTCTTGACCGGAGGCC-1,9
GTCTTGACTTGCTCTG-1,9
GTCTTGATTGCCACCT-1,4
GTCTTGCGATGAATGC-1,7
GTCTTGCGGCGATTCA-1,9
GTCTTGCTGGACGATA-1,5
GTCTTGCTTGATCCAC-1,1
GTCTTGTATTGTAGAT-1,6
GTGAACATTCAACGAT-1,2
GTGAACGGTTCTAACG-1,8
GTGAACTCGTGGTATC-1,3
GTGAAGATGAGTGCCT-1,6
GTGAAGCCACAACCGG-1,2
GTGAAGTATTGGTCAC-1,1
GTGAAGTGATCGTGCT-1,7
GTGAATTAGACATTGC-1,4
GTGACAAGATGCTCAT-1,3
GTGACAGCCTAGCCTC-1,6
GTGACATACAGGTCCT-1,5
GTGACATATGCTAGAT-1,5
GTGACATGTACCACCT-1,2
GTGACCAGATCGAGAT-1,7
GTGACCGGAGTCATAC-1,3
GTGACCGTGGATTAGC-1,4
GTGACTGTCCTGGTAT-1,7
GTGACTTCAACATCCG-1,5
GTGACTTCCTCACGAC-1,5
GTGAGCACCAGCATCC-1,6
GTGAGGATCTCAGCCT-1,5
GTGAGGCATTCGGTGG-1,6
GTGAGGTCACAGGCCA-1,7
GTGATCTACGAGATCC-1,5
GTGATGGATTAGAACA-1,2
GTGCAACGACGGTGTT-1,5
GTGCAACTACTGTACG-1,2
GTGCACCAATCATAAC-1,1
GTGCACTTGTAAGCAC-1,3
GTGCAGAAGGTGCGAG-1,5
GTGCAGCCGGTCTGCA-1,8
GTGCAGGACTCCAAGG-1,3
GTGCAGGCACTCTAGG-1,7
GTGCAGGCTGGACATG-1,1
GTGCAGTTGTGGCGCT-1,8
GTGCATGGTTGAGTTC-1,6
GTGCATTCCTGTGGTC-1,10
GTGCATTGCAATGTTG-1,3
GTGCCGTCCTGTCAGC-1,2
GTGCCTGACACGTTGG-1,1
GTGCGTTCACGGATAA-1,7
GTGCTACGTTCTAACC-1,1
GTGCTCAATGCAACCT-1,4
GTGCTCGACGTGAACT-1,6
GTGGAACAGAAGTCGA-1,6
GTGGAGTACAATCAAT-1,7
GTGGATAATCATAATC-1,8
GTGGCGACCTAATATT-1,5
GTGGCGACCTTGATTC-1,6
GTGGCGACTGATTAAC-1,2
GTGGCGAGGAAGGCTA-1,5
GTGGCGATAGGCAGAA-1,3
GTGGCGATCTGCGATA-1,2
GTGGCGCACCTGTTCC-1,7
GTGGCGCCAACAGCTC-1,4
GTGGCGCCACGCTGAG-1,5
GTGGCGCCACTACGCT-1,2
GTGGCGCCAGACTCGA-1,10
GTGGCGCCAGCTAACC-1,2
GTGGCGGACATTCTCG-1,6
GTGGCTTCCTACCGTT-1,6
GTGGTACTGGTTCCAA-1,9
GTGGTACTGTTGTAGC-1,6
GTGGTACTTGGTTGGA-1,1
GTGGTAGGTCTAAGAA-1,10
GTGGTCGCTCTGTAGC-1,6
GTGGTTGACAAGGAGC-1,10
GTGGTTGCACGCGGCA-1,10
GTGGTTGCCGCTTCAA-1,3
GTTAACAACTTCGGAT-1,10
GTTAACTCCGACCACT-1,2
GTTAATACATAATGCT-1,6
GTTAGACAATGGATGA-1,5
GTTAGAGGTGTTAAGA-1,2
GTTAGGAAGTATACGA-1,7
GTTAGGCCTGAACATC-1,5
GTTAGGTACTAACTGG-1,5
GTTAGGTCCACTGGCG-1,1
GTTATCCTATACTGGC-1,5
GTTATGATACGATTAT-1,8
GTTATGTTGCTTAGAT-1,4
GTTATTCGTAACGTCC-1,4
GTTATTGCTGAATCCG-1,9
GTTATTGTACGTATAC-1,4
GTTCATACCTTGGTTA-1,3
GTTCATCTTACATTCC-1,3
GTTCATTGCCTGAATA-1,7
GTTCCAGTGCCTTACC-1,3
GTTCCGAGTATGATCG-1,7
GTTCCGTAACTAATAC-1,6
GTTCCGTACCTCCACT-1,1
GTTCCGTCATACGGCT-1,2
GTTCCGTCTTATCTTA-1,2
GTTCCTGAACCTTCAA-1,4
GTTCCTTGAGGAACGC-1,8
GTTCGTAGGTAGTGAA-1,3
GTTCTACTATACGAAC-1,9
GTTCTACTATCATATT-1,3
GTTCTGGACACGCAAC-1,3
GTTCTTACTGAAGTAT-1,1
GTTCTTGATCTGTTGA-1,6
GTTGAAGGAAGTCGGC-1,5
GTTGAATAAGTCAGCA-1,8
GTTGAATCAACCTGGC-1,2
GTTGAATGGTACAGTA-1,3
GTTGAATGTTGCTGCC-1,1
GTTGACATGAACCAAC-1,4
GTTGACGAACCAGAAC-1,1
GTTGACGAATCAACTA-1,6
GTTGACGCTCGATGGC-1,2
GTTGACGGATAGCCAT-1,4
GTTGACGTCAGATTAG-1,2
GTTGACTACAACATAC-1,4
GTTGACTAGAGCACGT-1,9
GTTGAGAATCACGGAG-1,2
GTTGAGCTTCGTCCGG-1,4
GTTGCTAGATCGTTGA-1,7
GTTGCTCCTGAGATTC-1,4
GTTGCTTGCAATCACT-1,9
GTTGGCGTGAGCGACC-1,1
GTTGGTCCGCCAATCT-1,3
GTTGTCCTGTGATGTA-1,3
GTTGTCGAACCATGTT-1,9
GTTGTCGTAATATGGA-1,5
GTTGTCGTGGCATTAC-1,9
TAACAGCAGGCCTTAC-1,2
TAACAGGAACCGACAA-1,10
TAACAGGTCCATACCA-1,1
TAACATGCGTGCGAAC-1,2
TAACATGGCCACCTCC-1,5
TAACCAAGGTGCTCTA-1,5
TAACCGGATGGACAGG-1,8
TAACCGTACCATCCTG-1,1
TAACCGTACTTCTAAC-1,6
TAACCTTGAGACTTCG-1,6
TAACGAATCCTAGATA-1,7
TAACGAATGCTCCAAT-1,5
TAACGACCTTGCCTAT-1,2
TAACGACTGGCCGTCG-1,2
TAACGAGCCGAAGGTC-1,3
TAACGAGTTGCCAACC-1,2
TAACGCATTGGTCCAA-1,9
TAACGCGGCTATAGGT-1,6
TAACGCGTAATATGGC-1,6
TAACGCGTCAAGCGTT-1,10
TAACGCGTCCTACAAC-1,3
TAACGCTCATACGGCA-1,10
TAACGCTTATGCCATA-1,5
TAACGCTTCGGCACTT-1,8
TAACGTCACTATAATC-1,1
TAACGTGATTCACTAG-1,1
TAACGTGCCATAGTTA-1,3
TAACGTTGCGTCGATG-1,6
TAACTCCAACATGGAC-1,3
TAACTCCAGGTAGGCT-1,2
TAACTTAACCTCGGTG-1,6
TAACTTGCACGGCGGA-1,5
TAAGAACAGGTGTAAC-1,3
TAAGAATATGAGATAG-1,6
TAAGACCGAGTGAACA-1,8
TAAGATTAGATATTCC-1,10
TAAGATTGAGATTACA-1,4
TAAGATTGCAAGTTCT-1,6
TAAGATTGCTCACTTC-1,4
TAAGATTGGCGGTCGT-1,6
TAAGCAAGTAATGTGG-1,2
TAAGCACGAGACCTAC-1,5
TAAGCAGTAGATACTC-1,3
TAAGCCACAATTGCCT-1,5
TAAGCCATACGACACG-1,6
TAAGCCTGTAGCGTCC-1,7
TAAGCTCCTTCACGCC-1,4
TAAGGACGCCTGGTTG-1,2
TAAGGATCTGAAGATA-1,7
TAAGGTATGAATGCTA-1,1
TAAGGTCCGTGACCGT-1,4
TAAGTGCTTGACGATT-1,9
TAAGTGGCCGCTCACC-1,9
TAAGTGTCAAGGTGGC-1,6
TAATACCATTCTAGAT-1,1
TAATACCGTTAATTGC-1,5
TAATAGCGCTGTACTC-1,7
TAATCGACATTGTTGG-1,5
TAATCGCAATGTAATA-1,1
TAATCTGATAAGATGT-1,2
TAATGACGAAGCGGCT-1,3
TAATGATCCGGTTATT-1,10
TAATGATCTACTAACC-1,1
TAATGTGCACGATCTG-1,1
TAATTAAGGAGTACTG-1,5
TAATTACCGGTGCGAG-1,4
TAATTAGCTCGATTGT-1,3
TAATTGACGTCGTTCC-1,1
TACAAGCAGATCGTTG-1,1
TACAAGCATAGGCTGG-1,1
TACAAGCGCCTCTACA-1,2
TACAAGCGGAAGTACG-1,1
TACAAGGTCGACAAGT-1,4
TACAAGTCCACGGTGA-1,6
TACAAGTCGAATGCAA-1,4
TACAAGTGGTCTGAGG-1,6
TACAAGTGTCTGTCCG-1,5
TACACCGGTATGTATC-1,4
TACACCTCGTACTCCA-1,3
TACACCTTGCGGCAGG-1,4
TACACTCAGTAGAATG-1,1
TACACTGAATAGCAGA-1,6
TACACTGCAGGTTAGA-1,5
TACACTGCGTCCGGAC-1,4
TACACTGTAGTCAACG-1,3
TACACTGTCGAACCAA-1,10
TACACTTAGTCGTGGT-1,6
TACACTTCGAGGTGAC-1,5
TACACTTCGCACCGAT-1,8
TACAGTACTTAGTGTA-1,1
TACAGTCTCGGCACGG-1,5
TACATAGCAGACCAAG-1,1
TACATATGCACCAGTG-1,9
TACATCGGACAACTGG-1,1
TACATCGTCAGCGGTT-1,2
TACATCTAACATGTCC-1,1
TACATTGAATACGATC-1,10
TACATTGAATGAACGT-1,2
TACCAGACAACCTCAG-1,5
TACCATCTCGGCCGAA-1,1
TACCATTGATCATTAG-1,9
TACCATTGGTCTCCAA-1,6
TACCATTGTCCGCCTT-1,10
TACCGGACCGTTAGGT-1,1
TACCTCAGCGGTTGAT-1,10
TACCTCAGGCAACAGA-1,4
TACCTGATCGATCTCG-1,3
TACCTGCGGTTGTCCT-1,6
TACCTGTTAACGGCCT-1,7
TACGACCGAGCGCAAC-1,1
TACGACGCGATTCAAG-1,3
TACGACGTCTCATATT-1,3
TACGACGTGAAGTATC-1,4
TACGACTACCTTCCTC-1,3
TACGACTCTGAACACT-1,1
TACGACTGATAATCGC-1,1
TACGAGATTGGTCTGT-1,5
TACGCCGGAGTTCTGA-1,6
TACGCCTTGCCGTGTT-1,5
TACGCTCCGGTTGGTA-1,3
TACGCTCCTTGAGCAA-1,3
TACGCTGATAGCAGTC-1,4
TACGGAACAGACGCGG-1,3
TACGGAATACTCGTTC-1,3
TACGGAATTGAACCAA-1,1
TACGGAGGAAGCACCT-1,4
TACGGAGTCAACGAAG-1,4
TACGGATCAGCCATCC-1,6
TACGGATCCTTGCGAT-1,3
TACGGCCTTGTAGGAG-1,4
TACGGTAGTTGCGTGA-1,2
TACGGTGAGCCGATGT-1,7
TACGGTTAATGTACTA-1,4
TACGTACACCTTAAGC-1,1
TACGTATCCTATCACG-1,7
TACGTATCGAGGTTGT-1,8
TACGTGAGGACAACCG-1,4
TACGTGATGGTAGGAT-1,6
TACGTGGAGGCATGGC-1,6
TACGTGTACATCCGTG-1,3
TACGTTACTGGTAGCG-1,4
TACGTTCCACGCTCGT-1,1
TACTAGGATCAATGGC-1,2
TACTAGTACCGGATGG-1,8
TACTAGTGAGACAATG-1,6
TACTATGTTGAATCTT-1,5
TACTCACTACTCACTC-1,1
TACTCCGAAGTAGAAT-1,4
TACTCCGCCAATACAA-1,1
TACTCCTACATCAACT-1,2
TACTCCTGAAGGATTA-1,1
TAGAACGATTGCCTCC-1,6
TAGAATTCAACGTGGC-1,3
TAGACAATACTGGAAG-1,5
TAGACACCGGCGTCAA-1,1
TAGACAGGAGATCATT-1,4
TAGACAGGATGCAATA-1,3
TAGACAGTTCAGATTA-1,3
TAGACATACGTCTAAT-1,7
TAGACATGGTTAGGTC-1,5
TAGACCAGGATATCGG-1,2
TAGACCATCGATTGAG-1,8
TAGACCATTGCTTAGA-1,7
TAGACCGAAGCAGAGC-1,4
TAGACCGCGGAAGGAC-1,1
TAGACCGGCCAGTACG-1,2
TAGACCTGAGGAGCTG-1,3
TAGAGCAGACAGTCCA-1,1
TAGAGGCGATTGATTC-1,9
TAGATGAGCCGTCATT-1,7
TAGATGAGGACGCTTA-1,6
TAGATGCGTGCCAGCG-1,3
TAGATGGCTGTATGCC-1,10
TAGATGTCGAGGCCAG-1,2
TAGCAATACTCGAACA-1,2
TAGCAATTATGGACCG-1,6
TAGCAGTCGTCATGAA-1,1
TAGCAGTGATTCTGTC-1,8
TAGCCGCAATACCTGC-1,5
TAGCCGCTGTGGCTGG-1,6
TAGCGGACCACTGTTA-1,6
TAGCGTACCTTGACAT-1,3
TAGCGTACGGAGCGCC-1,4
TAGCGTATAGCGCTAA-1,6
TAGCGTCACGACAGGC-1,6
TAGCGTCTCAAGGTGG-1,6
TAGCGTCTCGGTCTAT-1,3
TAGCGTTATGACCTCC-1,10
TAGCTACCATACTGCT-1,2
TAGCTACCTGTAGGAT-1,2
TAGCTAGAAGCGATCA-1,7
TAGCTAGACACTGGTT-1,6
TAGCTAGAGCACGCCG-1,2
TAGCTAGAGGCCTGAA-1,9
TAGCTATGTTGAGCAC-1,1
TAGCTCGAATCGTCCG-1,2
TAGCTTAAGCTGGCGT-1,5
TAGGACATCAGCATGG-1,4
TAGGACGGCCAGCCGA-1,3
TAGGACTTCATGTTAT-1,6
TAGGAGCCAGACTCAG-1,5
TAGGAGGCGTATTGCC-1,2
TAGGATGCACCGTTCA-1,4
TAGGCAGGCGGACGCC-1,5
TAGGCATCGGAGCCTC-1,5
TAGGCATCTGCGGACC-1,6
TAGGCGAGCGATCGGT-1,5
TAGGCGCATATCTAAC-1,3
TAGGCTCCGGCATACA-1,8
TAGGCTTATCTAGCTC-1,6
TAGGTCTACTCGTGAA-1,7
TAGGTCTATGGATTAT-1,3
TAGGTCTGCCTCTGTA-1,4
TAGGTCTTGGCTCGTC-1,9
TAGTAAGCGGTGGATA-1,2
TAGTATAACCTCGACA-1,4
TAGTATCCAATTACGT-1,1
TAGTATTGCCGAGTTG-1,4
TAGTCACTGGATAGGC-1,2
TAGTGAACATGCAGAT-1,1
TAGTGAATGTTCAGTG-1,5
TAGTGACCAGTTGCGG-1,2
TAGTGACCGTCGATTA-1,3
TAGTGACTCAATTGCT-1,5
TAGTGACTCGCTCCGC-1,4
TAGTGAGGACATGTTG-1,5
TAGTGAGGTATCGACC-1,3
TAGTGCACATAGTCTG-1,10
TAGTGCACTATTGTCA-1,9
TAGTGCACTTGTACCG-1,8
TAGTGCAGCTGGCGTC-1,5
TAGTGCAGTGCGGTAG-1,4
TAGTGCGTGGAGAAGT-1,1
TAGTGCTGTAGCGTTG-1,1
TAGTGGTTGAACCAAT-1,4
TAGTTACATAGAAGAT-1,1
TAGTTCAAGGTCCACG-1,3
TAGTTCAATCGACCTC-1,4
TAGTTCCGATAGAATC-1,5
TAGTTCGAATTAGCGG-1,6
TAGTTCGAGTAGGAAG-1,4
TAGTTCGATCCTCACG-1,3
TAGTTCGTTGCTAATT-1,5
TAGTTCTGTCTGATAG-1,6
TAGTTGAGCCAGCCAG-1,2
TAGTTGAGCGACGCTA-1,1
TAGTTGGCTTAGGCCT-1,4
TATCAACGAATATGAG-1,5
TATCAAGGCCGCGTGG-1,6
TATCAAGGCTCGTCGG-1,4
TATCAATGCCGCTCAC-1,6
TATCACATAGCGAACT-1,5
TATCACCGGCATCGTG-1,8
TATCACTTCGAGCCGT-1,5
TATCATGGATGTTGCC-1,10
TATCCAAGCGCCGTAG-1,3
TATCCAATACCGCAAT-1,2
TATCCACTTGCGTATC-1,6
TATCCGATCTTGGCGG-1,5
TATCCGGAATGAGCGG-1,1
TATCCTGCGGTTGATC-1,1
TATCCTTACCACGACT-1,1
TATCTAGTCGCATGCA-1,5
TATCTAGTGAATGATC-1,5
TATCTAGTGCCATATT-1,5
TATGAACTACGCGGTG-1,1
TATGAAGCGACCGTCC-1,5
TATGACAATGCTTGAA-1,6
TATGACAGCGAGAAGC-1,4
TATGACGCGTATGTCG-1,3
TATGACGGAGATTGGC-1,2
TATGACTCAATGATCG-1,4
TATGAGCGATCCATTA-1,8
TATGAGGATCTACTGG-1,10
TATGAGTTCCGAGTGA-1,6
TATGCTCCTGGTTAGT-1,4
TATGGAGTTCTACGGC-1,10
TATGGATATGGTGCGA-1,2
TATGGCAGTTCGTCTA-1,1
TATGGCCATAATAGAC-1,2
TATGGCCGGCGACACT-1,3
TATGGCCTCACGTACA-1,1
TATGTCATAAGCGTCG-1,2
TATGTCGAGGTTGAAG-1,5
TATGTTAGGCCGAACC-1,6
TATGTTGCAGTCTAGG-1,3
TATGTTGGTAGGTCGT-1,2
TATGTTGGTCCAGTGA-1,4
TATTAACTTCCGCTCA-1,1
TATTAAGCAGCGCCGG-1,9
TATTAATATGTCGACT-1,1
TATTCCGGTTGTTAAT-1,3
TATTCGACAACCGTGA-1,2
TATTCGACATTACTAT-1,2
TATTCGGTGGAGATTC-1,6
TATTCGTCTGCGGTGG-1,4
TATTCGTTAACAGGCA-1,1
TATTCGTTAATGCTCC-1,10
TATTCTAGAATCGGAC-1,2
TATTCTCAGCGGCTGG-1,2
TATTCTCCTATGATGG-1,8
TATTGAATCCGACTAA-1,3
TATTGAATGAATGTGG-1,1
TATTGATCGTGATCTT-1,2
TCAACAATGGAGGCCT-1,2
TCAACACCAATCATTA-1,1
TCAACAGGACAGCAAC-1,10
TCAACAGGCCATGCCG-1,4
TCAACATGGATACAAC-1,3
TCAACCGGAGACCTCG-1,3
TCAAGGAACCTATTGC-1,1
TCAAGGACGTTAGGAG-1,8
TCAAGGCAACGCGGCT-1,9
TCAAGGCCATAGCCTG-1,2
TCAAGGCGTCTACTCC-1,2
TCAAGGTACACGAAGA-1,1
TCAAGGTATCAACTTA-1,7
TCAAGGTCTGAATATG-1,3
TCAATATTCCGGTTAG-1,2
TCAATATTCGACAAGA-1,2
TCAATTAATAGAACCT-1,2
TCAATTATACCAGAAC-1,3
TCACAAGATGACTCGA-1,2
TCACAAGCTCGAGGCA-1,3
TCACAAGGAGAACAAG-1,2
TCACAGCACCAAGGTT-1,10
TCACATAAGCGTTGCC-1,8
TCACATAGACCTCCGT-1,1
TCACATCCTGTCGCGG-1,6
TCACATCCTTATACAG-1,6
TCACATCCTTCTCAGT-1,5
TCACATTGTCGGTGAC-1,5
TCACCATAGATTGTTA-1,3
TCACCGTTGCTAATGG-1,6
TCACGACATCAGAAGG-1,3
TCACGATACCTAGCCA-1,2
TCACGCTATCCACTAC-1,2
TCACTACGACTCTGCG-1,5
TCACTCCGCTCACTGG-1,1
TCAGAATCCTACGGTG-1,6
TCAGAATCGATATCAT-1,5
TCAGAATCTAATAGTC-1,8
TCAGACCGGCCTGCTC-1,1
TCAGATTACCAGGTTA-1,8
TCAGCGTGACCTTACC-1,2
TCAGCTACCAACTCCG-1,2
TCAGCTAGGATGTACT-1,3
TCAGCTATTAATCGCT-1,3
TCAGCTCGATGACTTC-1,6
TCAGCTCGCCAGGATG-1,1
TCAGGAATAGAACCTG-1,4
TCAGGAGCAACGGTCG-1,3
TCAGGATACACTACAA-1,2
TCAGGTTGGCCTTGGC-1,2
TCAGTATGTAGGACAA-1,10
TCAGTCAGCGATCAGA-1,1
TCAGTCATTGCAAGTG-1,2
TCAGTCCAACGGAAGT-1,8
TCAGTCGAAGTATCTA-1,4
TCAGTCGAGCGATGAA-1,4
TCAGTCGCCAAGGTTG-1,3
TCAGTCGTCACTGAGC-1,6
TCAGTCGTGCCGGCAG-1,5
TCAGTCTGAGTGCTTG-1,4
TCAGTGTAGGACGTCG-1,6
TCAGTTCAGAATCTCG-1,5
TCAGTTCTCCGGACCG-1,3
TCAGTTGACAGTGCCA-1,4
TCAGTTGCTAAGCCTA-1,4
TCATAATTCGTGCAGA-1,1
TCATAGCTTCCAGTAC-1,3
TCATAGGTAGTGACGA-1,4
TCATAGGTATTGCGTG-1,1
TCATAGGTGAGTCGAC-1,6
TCATAGTAGACTCATA-1,9
TCATCCACGTGGTCAC-1,8
TCATCCGATTGAATTC-1,8
TCATCCTAGGACTCGC-1,5
TCATCGCTGCGTATTG-1,9
TCATCGCTGTGCAACA-1,3
TCATCGGCCTGTGCGG-1,4
TCATCGTTATGTATCT-1,5
TCATCTATCCACGATT-1,4
TCATCTCCAACCACCT-1,8
TCATCTCCAGCCGGTG-1,4
TCATCTGCCGCTATTC-1,7
TCATCTTCCACGTATG-1,3
TCATCTTCGACACCGT-1,4
TCATGAGGCTTGACGC-1,4
TCATGAGGTTGATATG-1,4
TCATGAGTAAGACATC-1,3
TCATGATTCTGATACT-1,2
TCATGCAGCGCCTTCG-1,1
TCATGGTTCCGAACTT-1,6
TCATTACGGCACAGTA-1,5
TCATTCACTGTAATGG-1,3
TCATTGATAGACTTGC-1,5
TCATTGATAGGTGGAA-1,1
TCATTGGCGACCGACG-1,8
TCATTGTTCAATGCGT-1,6
TCCAACGAAGATGCTT-1,2
TCCAACGTGGTTGTTC-1,4
TCCAACTAAGACTCCA-1,1
TCCAACTGAATAAGGT-1,3
TCCAACTGCCGCCATA-1,3
TCCAACTGGCTGAAGA-1,1
TCCAAGACCGCTTGAT-1,2
TCCAATACTATCTGTT-1,1
TCCAATCCAGATACAT-1,8
TCCAATCTAACACGCA-1,6
TCCAATGCAAGTATCT-1,5
TCCAATGTCCACGAGC-1,2
TCCAATTAGCAATCAA-1,3
TCCAATTCCTGTGCGA-1,6
TCCAATTGGTTACAGT-1,9
TCCACCAAGTGACGAA-1,4
TCCAGATCGGTCGAGT-1,3
TCCAGATCTTCGCTTA-1,1
TCCAGTACCGAGCGCA-1,2
TCCAGTACGTGCTATG-1,2
TCCAGTCACGGTGGCT-1,5
TCCAGTCAGTACATTA-1,2
TCCAGTGATTGGTGCT-1,4
TCCATCGGCTAGACGA-1,2
TCCATGATGTGATCAA-1,2
TCCATGCGTCCACCAG-1,5
TCCATGCGTCGGTTAC-1,3
TCCATGTCGGACCGAC-1,1
TCCGAACATAGTCTGA-1,4
TCCGAACCTCAACCAT-1,3
TCCGAAGTGACAGGCT-1,3
TCCGAATACCGAATAG-1,4
TCCGAATACTCGCTGG-1,1
TCCGAATAGAAGCACC-1,4
TCCGAATCATGTTGTC-1,4
TCCGAATCGCAGGTTC-1,4
TCCGAGACAATACGCA-1,6
TCCGAGTACGACTTAG-1,4
TCCGATGCGTATCCGG-1,10
TCCGCCAACATTGCTC-1,8
TCCGCCAAGGTCCGTT-1,2
TCCGCCAGTGATTAAT-1,3
TCCGCCGGTCTATTCA-1,4
TCCGCCTTGTTCTGAT-1,5
TCCGGCTATGCTCAGT-1,4
TCCGGCTCTATGGACA-1,2
TCCGGTACGTGGCCTC-1,3
TCCGGTTCCGTTCTAG-1,4
TCCGTCATAAGATGAC-1,1
TCCGTCCACTCGGAGC-1,5
TCCGTCGGTACAAGTT-1,2
TCCGTGTCTTACATAA-1,9
TCCGTGTTCTGTTCTG-1,10
TCCGTTGGAGCTCACT-1,5
TCCTAAGCGGTTCATC-1,10
TCCTAAGCTTAGGTTA-1,6
TCCTAATTGCGGCCTG-1,3
TCCTAATTGCTCAACG-1,4
TCCTACAAGCTCGAAC-1,2
TCCTACCGATCGTGGC-1,4
TCCTACGTAAGCCAGA-1,2
TCCTAGGTATCTGATG-1,1
TCCTATCCTCGAATCA-1,5
TCCTATCCTGTCAATA-1,5
TCCTATGAGGATTGTT-1,4
TCCTATTGACTGTTGA-1,1
TCCTCAAGCGAGGTCC-1,6
TCCTCAATGAGGAACG-1,4
TCCTCAATGCTAAGGC-1,3
TCCTCACGTGTAGACG-1,5
TCCTCAGTCGGATGCG-1,4
TCCTCATCGTGCTGGA-1,3
TCCTCATGGCACCGTT-1,1
TCCTGAAGCGTGCACT-1,4
TCCTGACACTTCACGG-1,5
TCCTGATAAGTGCCGT-1,5
TCCTGGTGCGAGGCCT-1,6
TCCTGGTGGCAATAGC-1,5
TCCTTACTCGCAATGA-1,6
TCCTTCCAACCGCAAC-1,5
TCCTTGAACAGGACCA-1,8
TCCTTGAACGATGGTC-1,1
TCCTTGGCTCAAGAGT-1,1
TCGAACAGGTTGCACG-1,1
TCGAATCTTGCGTTAC-1,3
TCGAATGGTTCCACGC-1,3
TCGAATTAGTTACTCC-1,1
TCGAATTGTACACTAT-1,1
TCGACCAATCCGGTTG-1,9
TCGACCTGCAGCTCAG-1,10
TCGACGAAGAGCAAGT-1,3
TCGACGAAGCAGCTCA-1,5
TCGACTCAGGTTAACC-1,9
TCGAGTGGTAGGTCAC-1,4
TCGATAGGAGCTGCAG-1,6
TCGATATTAGACATAC-1,5
TCGATATTGTCCTAAC-1,5
TCGATCCAGTCTGTAG-1,7
TCGATCGCACCTAATC-1,5
TCGATCGTATAACGAC-1,6
TCGATCGTGAGGCGCC-1,7
TCGATCGTTGTCTGAA-1,3
TCGATCTAATGTTAGT-1,3
TCGATCTAGCCGATTC-1,3
TCGCAATAGTGACGCA-1,9
TCGCAATGATAGTTCA-1,5
TCGCACCTCATGTCAG-1,5
TCGCACGATTCGGTGG-1,5
TCGCACTCTTGGACAG-1,3
TCGCACTGCTGTGCTC-1,4
TCGCACTGTACGGCGA-1,3
TCGCACTTACTGAAGT-1,3
TCGCACTTGGTCCGTC-1,4
TCGCCGTATCATGCTT-1,2
TCGCCGTTGTTACAAG-1,4
TCGCCTAGATAATTAA-1,10
TCGCCTATCGACTCCT-1,9
TCGCCTGACGGCCACT-1,3
TCGCCTGCGTGCGTGG-1,8
TCGCCTGCTATCAGTC-1,3
TCGCCTGGTGGATTCT-1,7
TCGCGGAGTACAACCA-1,1
TCGCGGTAGTATGATC-1,3
TCGCGGTCCGGATCAG-1,9
TCGCTTGTTCCAGTTG-1,2
TCGGAACGTCTGCAAG-1,4
TCGGAATCAGCCTAAC-1,4
TCGGACATTCTATGAG-1,3
TCGGACCAGATTCAAT-1,1
TCGGACCAGGATCGCC-1,3
TCGGACGGCCGAGGAA-1,2
TCGGACGTTGCCTCAG-1,4
TCGGACTGCCACCTCC-1,3
TCGGAGCGTTACCTCG-1,2
TCGGAGCTGAGTCGGA-1,6
TCGGAGTTGTCTTGTT-1,10
TCGGCACTGGCGCCGA-1,3
TCGGCGACCTCGCTGA-1,1
TCGGCGCAGAATGTCT-1,6
TCGGCGCAGATAGATA-1,4
TCGGCGCTATCACGTG-1,3
TCGGCGGAACATACGC-1,6
TCGGTAATAGCGGTTC-1,10
TCGGTAATTACGTGGA-1,2
TCGGTAGGCATCACGC-1,2
TCGGTATCGTAATTGG-1,1
TCGGTGATCGCCGGCC-1,3
TCGGTGTCTAACCAAG-1,5
TCGTAAGGCGTTCAGG-1,7
TCGTATACAAGACGAG-1,3
TCGTATAGGAGCCTAT-1,5
TCGTATCAACAGCACC-1,5
TCGTATCACGTTATGA-1,4
TCGTATCCTGATGCAA-1,5
TCGTATGCCGGACGTT-1,5
TCGTATGTCGTGCCTA-1,4
TCGTATGTGGCCATTA-1,6
TCGTATTCTGAGTGGC-1,3
TCGTCAAGCCTAATCT-1,5
TCGTCAAGTCCAGGTT-1,2
TCGTCACGATGTTCGA-1,8
TCGTCAGAACAGCCAG-1,8
TCGTCATCGTACCAAT-1,9
TCGTCCAGCATGGCTT-1,9
TCGTGCCTCGGTAGTT-1,5
TCGTTAGCCAGGCCAG-1,3
TCGTTAGCTTACTCAT-1,4
TCTAACAAGCCAATCC-1,1
TCTAACCGTGCTAGCT-1,3
TCTAACTCTATGTTCT-1,5
TCTACAACTGGAACTT-1,7
TCTACACTAATTACTC-1,1
TCTACACTGAGCTTCT-1,2
TCTACAGCACCGAACC-1,9
TCTACAGCACGTCCGA-1,4
TCTACAGGTACGCAGT-1,4
TCTACATAGACGTGAG-1,6
TCTACATGAACTATAC-1,4
TCTACATGAATCTGAT-1,3
TCTACATGTCCGACTT-1,2
TCTACATTCGATCGCC-1,6
TCTACCGGTCAATAGC-1,4
TCTACTATGCTAGCTC-1,7
TCTACTCCGACTCGGC-1,2
TCTACTCGAGCAGAGG-1,4
TCTACTGTCTCAATGA-1,9
TCTACTTAACCGGCCT-1,6
TCTACTTAGGTTCTTA-1,10
TCTACTTAGTATTAGT-1,5
TCTACTTCACCGTGGA-1,3
TCTAGAACTTCTTGCA-1,1
TCTAGAATTGCGGTTG-1,6
TCTAGACGGTGGCTGA-1,9
TCTAGAGTCTCCACGC-1,3
TCTAGATAAGGTTAGC-1,2
TCTAGCGACACCGAGC-1,5
TCTAGCGGAATGGATC-1,7
TCTAGCTCCGAGGACC-1,9
TCTAGCTTATTCGCCA-1,3
TCTAGGCGGAAGGCAC-1,9
TCTATGATCGGTGCCT-1,4
TCTATTCCTTCCGGAA-1,3
TCTATTCTGCATTGGC-1,5
TCTATTGGCTTCGATC-1,6
TCTGAGCGTAATTGTC-1,8
TCTGAGTCAGATCTTG-1,1
TCTGCAAGGACGGCAA-1,3
TCTGCAATTCACAAGA-1,8
TCTGCAGTAGTTATGA-1,4
TCTGCCTGGATGTCAG-1,8
TCTGCGCTTGCAGATA-1,5
TCTGCGTGCTATTCTA-1,7
TCTGCGTGCTTCAGAC-1,6
TCTGCGTTAGATAGGT-1,10
TCTGGACGCTAAGACA-1,10
TCTGGATATTAACCTA-1,5
TCTGGTAGTGCAGCAA-1,5
TCTGGTATCTGTAGCC-1,4
TCTGGTCCTCCACTGT-1,4
TCTGTACCTCACTCGC-1,1
TCTGTACGCTGTCCTC-1,9
TCTGTCACCGTTAATA-1,9
TCTTACATTACTTCGC-1,3
TCTTACCATTCTAAGC-1,3
TCTTACCGCACTGAAT-1,9
TCTTACCGCTCGTATG-1,6
TCTTACCGGATCCGCT-1,1
TCTTACGAATCAGTGC-1,7
TCTTACGAGGAATAAG-1,1
TCTTACGAGGCCGACA-1,5
TCTTACGGCCGCAACA-1,1
TCTTACTCTGTATGCG-1,7
TCTTACTGAGACTAGT-1,5
TCTTAGATGCCTCCGA-1,3
TCTTAGGCGACAGTCA-1,2
TCTTAGTCGCGGCAGA-1,1
TCTTAGTCGTCTCGGC-1,6
TCTTCGAACAGCGTTA-1,7
TCTTCGAATTGTATAC-1,4
TCTTCGCCATTCGAAT-1,9
TCTTCGTCAGACCAGG-1,2
TCTTGAGTCATTATAC-1,6
TCTTGCACCAATCTAT-1,3
TCTTGCACGTCTAATG-1,7
TCTTGCACTATTCAGA-1,10
TCTTGCAGACTGCGAG-1,1
TCTTGCCACGTTCACT-1,2
TCTTGCCATCGTTGTA-1,3
TCTTGCCGGCAGTCTA-1,5
TCTTGCGGCCTTAGTG-1,5
TCTTGCTCCGTCGGCA-1,3
TCTTGCTGTCCTAGGC-1,2
TCTTGTTACCGGTTAC-1,6
TCTTGTTATTCTTGAT-1,2
TGAACCAATGTTGAGC-1,6
TGAACGGACACGTATC-1,4
TGAACGGATCTGGTAC-1,3
TGAACGGATTCAAGTT-1,2
TGAAGATACAATCTGC-1,8
TGAAGCACCGTCATGA-1,6
TGAAGTATGATCGTGC-1,7
TGAATATGAGCCGGTG-1,5
TGAATATGGCCTGCCA-1,3
TGAATGCGGTTATGGA-1,4
TGAATGGTGCTTCGAT-1,1
TGAATGTACCTTCGTC-1,4
TGAATGTTGACATCGT-1,7
TGAATTATGCCGCAGT-1,5
TGAATTCGTGGTATAA-1,5
TGACAGTACTATTCTA-1,2
TGACATTACAACGCCG-1,10
TGACCAACAGATAGGT-1,3
TGACCAACTTGGTCAA-1,5
TGACCAAGCTGCACAT-1,5
TGACCAAGTAAGGACC-1,2
TGACCAATCAGCCACG-1,5
TGACCAGCACTCCAGC-1,3
TGACCAGGCTCATGCA-1,5
TGACCAGGTATGACCT-1,1
TGACCATGTACACTCA-1,8
TGACCTCACGCACGAG-1,1
TGACCTCCTTCAGATT-1,3
TGACGCTCACCAAGCC-1,1
TGACGCTCGCGGTAGT-1,4
TGACGCTGCAGCTCAT-1,4
TGACGCTGCGATAGTA-1,4
TGACGCTTACTAGACA-1,1
TGACGGAGCGCTATAC-1,6
TGACTCCAAGTCTACC-1,2
TGACTCGGCCGACCGA-1,8
TGACTCTGCTCGCACG-1,9
TGACTTAATGCGTTGG-1,1
TGACTTCGGCGTAACA-1,5
TGACTTGCACTCACGG-1,5
TGAGACAAGGACGACC-1,3
TGAGACAGAAGTGCTC-1,9
TGAGATGCTCTAATGA-1,10
TGAGCACCTCGACGTT-1,6
TGAGCATAGTCTTATT-1,1
TGAGCCGCGTGATCAT-1,8
TGAGGAATCCATAGAA-1,3
TGAGGTAGGACTACTG-1,5
TGAGTAAGCGCAATCC-1,3
TGAGTATTCTAGGACT-1,4
TGAGTGACCTACTCGT-1,4
TGAGTGAGATCGCTAA-1,5
TGAGTGAGGCACGCCT-1,2
TGAGTTCGCTTGACCT-1,1
TGAGTTGTCCTCGCTT-1,1
TGATAAGCAGTAAGAA-1,2
TGATAGGAGCATCAAC-1,8
TGATCCGCACTCCTTA-1,4
TGATCGGACCTGGATG-1,2
TGATCTTGCCTATTGT-1,1
TGATGGAACTAACGAA-1,2
TGATGGATGATCACGG-1,2
TGATGGCCGGCATCGC-1,7
TGATGGCGCAGGCTAG-1,1
TGATGGCTGCGACGAT-1,3
TGATGGTTCCACTGAT-1,2
TGATTAGAATGACATA-1,3
TGATTCAACGACAAGG-1,6
TGATTCAAGATCGAGC-1,4
TGATTCACATGCAGAA-1,3
TGATTCGTCTGGATCT-1,8
TGCAACAGTGAAGCTC-1,5
TGCAACGTTACCTGGT-1,4
TGCACCGGTCACCTCC-1,1
TGCACGAATGTACTAA-1,5
TGCACGAGTAGAGTTA-1,5
TGCACGAGTGTCAGCC-1,6
TGCACGCTCCTATCCG-1,4
TGCACGGCTGAGACTT-1,6
TGCACGGTAGACGGTA-1,7
TGCACGTAGTTCGAAG-1,5
TGCACGTGATTATCAA-1,7
TGCACTCCAGCTACTC-1,4
TGCAGAACTATCAACT-1,1
TGCAGAAGCAGTAGGC-1,1
TGCAGACAATACTGTT-1,3
TGCAGAGGAAGGCCTG-1,9
TGCAGAGGTCGTAATT-1,5
TGCAGATGAGATCTAG-1,4
TGCAGTACAACGAGTG-1,8
TGCAGTCGAGCACCAA-1,2
TGCAGTTATTCCACTC-1,3
TGCAGTTGTCGGAGCG-1,6
TGCATAAGTTCCTGAA-1,4
TGCATTAATGGCCACC-1,5
TGCATTCGCCAGCGAT-1,1
TGCATTCGCTACAATG-1,9
TGCATTCTTACGGAGG-1,8
TGCATTGATAGACATA-1,5
TGCATTGCTGTCGGCG-1,6
TGCCAATCCATGTCTA-1,5
TGCCACAATGCTACCG-1,1
TGCCACCTATTACATT-1,2
TGCCACTATCAGGCAG-1,3
TGCCACTCAACCGGCC-1,10
TGCCACTTAAGTGATG-1,1
TGCCAGACGAGTTAGG-1,6
TGCCAGCTATTGTAGA-1,2
TGCCAGGATGAGGTTC-1,3
TGCCAGTGATTCGTGC-1,1
TGCCAGTGCAGAGTAT-1,9
TGCCGAATCAAGCGTC-1,4
TGCCGAGTTAAGAACG-1,3
TGCCGGAACTTAGGCA-1,3
TGCCGGCATTATAGAT-1,2
TGCCTAAGTTAATTAT-1,9
TGCCTATCAATGCCAT-1,5
TGCCTATCGGCTATGT-1,1
TGCGAACATATCGGCT-1,1
TGCGAATCCGGCTTGA-1,5
TGCGAATTCTCCGCAC-1,5
TGCGACTACGTGCGAG-1,2
TGCGAGCCAGACGAAT-1,5
TGCGATACGCCTCGCA-1,1
TGCGATCTTGCTCGAT-1,2
TGCGATGTGCCTTGGC-1,1
TGCGATTAGCTCCGCC-1,4
TGCGCAATTGATCATA-1,6
TGCGCCGAACGGACTC-1,2
TGCGCCGATCGCGAAG-1,7
TGCGCCTCTGGCTACA-1,6
TGCGCCTCTTCGGCGA-1,9
TGCGCTCATAGAACGA-1,5
TGCGGACCATGGTACC-1,5
TGCGGACTCACGTGAT-1,1
TGCGGACTTAACTTCC-1,1
TGCGGACTTCTGTCGC-1,9
TGCGGAGGCTGGACCG-1,7
TGCGGATCATCCTAGA-1,6
TGCGGATCGGATCTTA-1,8
TGCGTATCTTGTACCG-1,1
TGCGTCTGGATCGGAT-1,8
TGCGTGTCAGCCAGTG-1,3
TGCGTGTCGGCGGATA-1,2
TGCGTTAGCACGTACC-1,8
TGCGTTATGTTCCGGA-1,5
TGCGTTGTATTGCCTG-1,3
TGCTACATCACCGGAT-1,6
TGCTACGCTGCGTGGA-1,5
TGCTACTTGTGGCTGG-1,5
TGCTATAATGTCGCTG-1,2
TGCTATCCATGTAATA-1,5
TGCTATCCTAAGACGA-1,8
TGCTATGGTTGCGACA-1,2
TGCTATTGCGGCGTGG-1,8
TGCTATTGTCAAGGAG-1,1
TGCTCAGATTGGTAGC-1,4
TGCTCCTAACGGAAGA-1,2
TGCTGTCAGAACGAAG-1,4
TGCTGTCTTGTTAATG-1,5
TGCTGTGAAGTCAAGA-1,3
TGCTTACTCACCGGTC-1,5
TGCTTAGCCTGTTGGT-1,1
TGCTTAGCTCCTGGCT-1,10
TGCTTATGAATAAGCA-1,2
TGCTTATGACGCTGGC-1,4
TGCTTATGCGGTTCTG-1,2
TGGAAGACGTGAGTAG-1,1
TGGAAGACTAGTCTTG-1,2
TGGAAGCCATAACAGT-1,1
TGGAAGCTCCATCGAC-1,4
TGGAAGGTTCGCTTGC-1,2
TGGACGCCTGCGACCG-1,3
TGGACTGACGTACCAC-1,1
TGGACTGAGTACCTAG-1,4
TGGACTTCGCGGAACT-1,6
TGGAGTCGGCAAGCTC-1,2
TGGAGTGAACGCGGTC-1,1
TGGAGTGATGGCTCTT-1,4
TGGAGTGCTCCTGATC-1,5
TGGAGTTGAGTCGACA-1,7
TGGAGTTGGTGAATCA-1,2
TGGATCATTGTAACGG-1,1
TGGATCCAGTCACTTC-1,5
TGGATCGGCCTCCATG-1,9
TGGATTAGTACATTGC-1,6
TGGCAAGCGACACTTA-1,8
TGGCATCGATCAATTG-1,4
TGGCATGCGTTCACGC-1,10
TGGCATGTTCGAACAG-1,1
TGGCCAACATTCTGAG-1,7
TGGCCACTCCGCGGAC-1,2
TGGCCACTCCTGAGTG-1,2
TGGCCAGAGTATCTCC-1,4
TGGCCAGATCCGGACA-1,2
TGGCCTGACATACTCA-1,9
TGGCCTGGCACTGTGG-1,8
TGGCGACACTCGCATC-1,5
TGGCGACACTGCCGGA-1,4
TGGCGACAGCACGGCC-1,2
TGGCGAGCTCCACGTG-1,1
TGGCGATGAGTGGCAG-1,3
TGGCTCCGCATCAGAT-1,5
TGGCTGGACCTTAGGA-1,1
TGGTACAAGACCAATC-1,2
TGGTACCAGATTGTTA-1,4
TGGTACGGACGTAGTT-1,2
TGGTACGGTCGGCGAA-1,10
TGGTACGTGCTGTTGA-1,7
TGGTACTGGTATCTTG-1,10
TGGTAGACGTATTAAT-1,4
TGGTAGCATCAAGTCT-1,4
TGGTAGCCAGTTGACA-1,1
TGGTATGCAAGTCTAT-1,1
TGGTATTAGCTAGACC-1,1
TGGTATTCCTAGTCCA-1,3
TGGTATTGAGTTGTAA-1,3
TGGTCATCTAGGTCAT-1,1
TGGTCGCCGGCTTACT-1,6
TGGTCTGCTCAGGTTG-1,4
TGGTGCACGACCTTAG-1,3
TGGTGCAGACCGAAGT-1,5
TGGTGCAGTACCATGC-1,2
TGGTGCCGCTGCAACA-1,4
TGGTGCCTAGCACGGC-1,4
TGGTGCCTGTGGTTAC-1,1
TGGTGCCTTCCGCTAA-1,6
TGGTGCGAACGTGGCG-1,1
TGGTGCGAATCCTGCT-1,1
TGGTGCGAGGTCGTAT-1,5
TGGTTGAACACGCCAA-1,3
TGGTTGCCAGTGTCAA-1,9
TGGTTGCCTCCGGCTT-1,3
TGGTTGGATTGAGCTG-1,6
TGTAAGATCTTCACAT-1,3
TGTAAGGTGAGCGACC-1,6
TGTAAGTGATCAGACC-1,1
TGTAATCATATGAGAC-1,1
TGTAATCGAGACTGGC-1,3
TGTAATGCACTACGAG-1,2
TGTAATGCCTAACACC-1,3
TGTAATTGTATCCTCG-1,5
TGTACCAACTACGCAT-1,6
TGTACCACATACTGGT-1,6
TGTAGGAGCTTCAATA-1,6
TGTAGGATCAGAGCGT-1,3
TGTAGGCACGTACCTC-1,1
TGTAGGTCACTACATG-1,6
TGTAGGTCTGAACGCA-1,4
TGTAGGTTCTGGCTTA-1,10
TGTATCGGCGGTCGCA-1,4
TGTATGATTGTAGGTG-1,9
TGTATGCTCGCCTAGT-1,7
TGTATGGAACTACGCA-1,3
TGTATGGTGCCAAGGT-1,4
TGTCAACTCATCAACG-1,1
TGTCAAGAACTCGGCG-1,5
TGTCAAGCGGATCGGT-1,2
TGTCAGAAGTTGTAAC-1,3
TGTCAGACGAAGCACC-1,1
TGTCAGATAAGGTGAC-1,1
TGTCAGTGGCTTCCAT-1,8
TGTCATGCATGAGCAC-1,5
TGTCATGTGACACGCT-1,1
TGTCCATGTATGGAAT-1,3
TGTCCGATAGTCACAG-1,1
TGTCCGGATGGCAGTT-1,1
TGTCCTCAACGTTCTA-1,10
TGTCCTTCGCCTCGTA-1,5
TGTCGAGTGCGTTAGC-1,4
TGTCGATTCACGTAGT-1,4
TGTCGCGGAAGAGCTA-1,4
TGTCGTTCATACGATA-1,3
TGTCTAAGCAGACGTA-1,4
TGTCTACTAGATTGCC-1,1
TGTCTGGCTTGTCTGT-1,6
TGTCTGTAAGCGAACT-1,5
TGTCTTGCGACTAATT-1,3
TGTCTTGGAATTGGCA-1,4
TGTTAAGGAAGTCTTA-1,2
TGTTACCTATTGGACA-1,9
TGTTCACTGTCTTCCT-1,1
TGTTCAGAACGGTGTA-1,1
TGTTCAGCGAGGCAGT-1,5
TGTTCATAGTATGACG-1,3
TGTTCATTGGTCCAAG-1,2
TGTTCCTCACATTAAT-1,6
TGTTCTGCTCTGTCGT-1,5
TGTTGCGTCCAAGATT-1,6
TGTTGGAACCTTCCGC-1,1
TGTTGGAACGAGGTCA-1,2
TGTTGGAAGCTCGGTA-1,6
TGTTGGATGGACTTCT-1,1
TGTTGGCCAGACCTAC-1,5
